CREATE DATABASE  IF NOT EXISTS `db_mercado` /*!40100 DEFAULT CHARACTER SET utf8 */;
USE `db_mercado`;
-- MySQL dump 10.13  Distrib 5.7.17, for Win64 (x86_64)
--
-- Host: localhost    Database: db_mercado
-- ------------------------------------------------------
-- Server version	5.7.17-log

/*!40101 SET @OLD_CHARACTER_SET_CLIENT=@@CHARACTER_SET_CLIENT */;
/*!40101 SET @OLD_CHARACTER_SET_RESULTS=@@CHARACTER_SET_RESULTS */;
/*!40101 SET @OLD_COLLATION_CONNECTION=@@COLLATION_CONNECTION */;
/*!40101 SET NAMES utf8 */;
/*!40103 SET @OLD_TIME_ZONE=@@TIME_ZONE */;
/*!40103 SET TIME_ZONE='+00:00' */;
/*!40014 SET @OLD_UNIQUE_CHECKS=@@UNIQUE_CHECKS, UNIQUE_CHECKS=0 */;
/*!40014 SET @OLD_FOREIGN_KEY_CHECKS=@@FOREIGN_KEY_CHECKS, FOREIGN_KEY_CHECKS=0 */;
/*!40101 SET @OLD_SQL_MODE=@@SQL_MODE, SQL_MODE='NO_AUTO_VALUE_ON_ZERO' */;
/*!40111 SET @OLD_SQL_NOTES=@@SQL_NOTES, SQL_NOTES=0 */;

--
-- Table structure for table `caixas`
--

DROP TABLE IF EXISTS `caixas`;
/*!40101 SET @saved_cs_client     = @@character_set_client */;
/*!40101 SET character_set_client = utf8 */;
CREATE TABLE `caixas` (
  `Numero_Caixa` int(11) NOT NULL,
  `ID_Unidade` int(11) NOT NULL,
  `Aberto` tinyint(4) DEFAULT '0',
  PRIMARY KEY (`Numero_Caixa`,`ID_Unidade`),
  KEY `ID_Unidade` (`ID_Unidade`),
  CONSTRAINT `caixas_ibfk_1` FOREIGN KEY (`ID_Unidade`) REFERENCES `unidades` (`ID_Unidade`)
) ENGINE=InnoDB DEFAULT CHARSET=utf8;
/*!40101 SET character_set_client = @saved_cs_client */;

--
-- Dumping data for table `caixas`
--

LOCK TABLES `caixas` WRITE;
/*!40000 ALTER TABLE `caixas` DISABLE KEYS */;
INSERT INTO `caixas` VALUES (1,1,1),(1,2,0),(2,1,1),(2,2,0),(3,1,0),(3,2,0),(4,1,0),(4,2,0),(5,1,0),(6,1,0),(7,1,0);
/*!40000 ALTER TABLE `caixas` ENABLE KEYS */;
UNLOCK TABLES;

--
-- Table structure for table `categorias_produtos`
--

DROP TABLE IF EXISTS `categorias_produtos`;
/*!40101 SET @saved_cs_client     = @@character_set_client */;
/*!40101 SET character_set_client = utf8 */;
CREATE TABLE `categorias_produtos` (
  `ID_Categoria` int(11) NOT NULL AUTO_INCREMENT,
  `Descricao` varchar(20) NOT NULL,
  PRIMARY KEY (`ID_Categoria`)
) ENGINE=InnoDB AUTO_INCREMENT=6 DEFAULT CHARSET=utf8;
/*!40101 SET character_set_client = @saved_cs_client */;

--
-- Dumping data for table `categorias_produtos`
--

LOCK TABLES `categorias_produtos` WRITE;
/*!40000 ALTER TABLE `categorias_produtos` DISABLE KEYS */;
INSERT INTO `categorias_produtos` VALUES (1,'Alimentos'),(2,'Bebidas'),(3,'Limpeza'),(4,'Higiene Pessoal'),(5,'Temperos');
/*!40000 ALTER TABLE `categorias_produtos` ENABLE KEYS */;
UNLOCK TABLES;

--
-- Table structure for table `emails_fornecedores`
--

DROP TABLE IF EXISTS `emails_fornecedores`;
/*!40101 SET @saved_cs_client     = @@character_set_client */;
/*!40101 SET character_set_client = utf8 */;
CREATE TABLE `emails_fornecedores` (
  `ID_Fornecedor` int(11) NOT NULL,
  `Email` varchar(80) NOT NULL,
  PRIMARY KEY (`ID_Fornecedor`,`Email`),
  CONSTRAINT `emails_fornecedores_ibfk_1` FOREIGN KEY (`ID_Fornecedor`) REFERENCES `fornecedores` (`ID_Fornecedor`)
) ENGINE=InnoDB DEFAULT CHARSET=utf8;
/*!40101 SET character_set_client = @saved_cs_client */;

--
-- Dumping data for table `emails_fornecedores`
--

LOCK TABLES `emails_fornecedores` WRITE;
/*!40000 ALTER TABLE `emails_fornecedores` DISABLE KEYS */;
INSERT INTO `emails_fornecedores` VALUES (2,'atendimentohugos@hugostevais.com'),(3,'geral@email2.com'),(3,'geral@geral.com.br'),(4,'fornecedor1@rmail.com');
/*!40000 ALTER TABLE `emails_fornecedores` ENABLE KEYS */;
UNLOCK TABLES;

--
-- Table structure for table `enderecos_fornecedores`
--

DROP TABLE IF EXISTS `enderecos_fornecedores`;
/*!40101 SET @saved_cs_client     = @@character_set_client */;
/*!40101 SET character_set_client = utf8 */;
CREATE TABLE `enderecos_fornecedores` (
  `ID_Fornecedor` int(11) NOT NULL,
  `Logradouro` varchar(80) DEFAULT NULL,
  `Numero` int(11) NOT NULL,
  `CEP` char(9) NOT NULL,
  `Complemento` varchar(30) DEFAULT NULL,
  `Bairro` varchar(60) DEFAULT NULL,
  `Cidade` varchar(60) DEFAULT NULL,
  `UF` char(2) NOT NULL,
  PRIMARY KEY (`ID_Fornecedor`),
  CONSTRAINT `enderecos_fornecedores_ibfk_1` FOREIGN KEY (`ID_Fornecedor`) REFERENCES `fornecedores` (`ID_Fornecedor`)
) ENGINE=InnoDB DEFAULT CHARSET=utf8;
/*!40101 SET character_set_client = @saved_cs_client */;

--
-- Dumping data for table `enderecos_fornecedores`
--

LOCK TABLES `enderecos_fornecedores` WRITE;
/*!40000 ALTER TABLE `enderecos_fornecedores` DISABLE KEYS */;
INSERT INTO `enderecos_fornecedores` VALUES (2,'Rua Sebastião Lima',145,'22222-222','','Paço Central','São Paulo','SP'),(3,'Rua geral',13,'12344-412','','Centro','Ribeirão Preto','SP'),(4,'Rua Doze de maio',5,'52891-212','','Nova Salvadore','Cestina do Sul','MG');
/*!40000 ALTER TABLE `enderecos_fornecedores` ENABLE KEYS */;
UNLOCK TABLES;

--
-- Table structure for table `entradas_produtos`
--

DROP TABLE IF EXISTS `entradas_produtos`;
/*!40101 SET @saved_cs_client     = @@character_set_client */;
/*!40101 SET character_set_client = utf8 */;
CREATE TABLE `entradas_produtos` (
  `ID_Entrada` int(11) NOT NULL AUTO_INCREMENT,
  `ID_Produto` int(11) NOT NULL,
  `ID_Fornecedor` int(11) NOT NULL,
  `Valor_Unitario` decimal(7,2) DEFAULT NULL,
  `Data` datetime NOT NULL,
  `ID_Sessao` int(11) NOT NULL,
  `Quantidade` decimal(9,4) DEFAULT NULL,
  PRIMARY KEY (`ID_Entrada`),
  KEY `ID_Produto` (`ID_Produto`),
  KEY `ID_Sessao` (`ID_Sessao`),
  KEY `ID_Fornecedor` (`ID_Fornecedor`),
  CONSTRAINT `entradas_produtos_ibfk_1` FOREIGN KEY (`ID_Produto`) REFERENCES `produtos` (`ID_Produto`),
  CONSTRAINT `entradas_produtos_ibfk_2` FOREIGN KEY (`ID_Sessao`) REFERENCES `sessoes` (`ID_Sessao`),
  CONSTRAINT `entradas_produtos_ibfk_3` FOREIGN KEY (`ID_Fornecedor`) REFERENCES `fornecedores` (`ID_Fornecedor`)
) ENGINE=InnoDB AUTO_INCREMENT=83 DEFAULT CHARSET=utf8;
/*!40101 SET character_set_client = @saved_cs_client */;

--
-- Dumping data for table `entradas_produtos`
--

LOCK TABLES `entradas_produtos` WRITE;
/*!40000 ALTER TABLE `entradas_produtos` DISABLE KEYS */;
INSERT INTO `entradas_produtos` VALUES (16,6,4,100.00,'2017-05-10 15:40:58',105,100.0000),(17,2,4,5.00,'2017-05-17 13:50:35',141,200.0000),(18,3,4,3.00,'2017-05-17 13:50:53',141,200.0000),(19,4,4,4.00,'2017-05-17 13:51:10',141,200.0000),(20,5,4,3.00,'2017-05-17 14:02:45',143,100.0000),(21,7,4,3.00,'2017-05-17 14:03:13',143,200.0000),(22,8,4,7.00,'2017-05-17 14:03:28',143,200.0000),(23,9,4,2.00,'2017-05-17 14:04:01',143,200.0000),(24,5,2,3.00,'2017-05-17 15:07:54',150,10.0000),(25,1,4,2.00,'2017-02-10 00:00:00',105,10.0000),(26,1,4,2.00,'2016-02-10 00:00:00',105,10.0000),(27,10,2,1.00,'2017-05-22 16:06:43',168,10.0000),(28,10,2,1.00,'2017-05-22 16:11:47',169,2.0000),(29,11,2,1.00,'2017-05-22 16:28:18',170,10.0000),(30,11,2,1.00,'2017-05-22 16:42:56',172,1.0000),(31,12,2,1.00,'2017-05-22 22:38:52',177,10.0000),(32,13,2,1.00,'2017-05-22 22:51:28',178,10.0000),(33,8,2,6.00,'2017-05-24 21:03:21',187,10.0000),(34,16,3,1.00,'2017-05-28 19:46:13',202,15.0000),(35,17,3,2.00,'2017-05-28 19:46:34',202,20.0000),(36,11,3,2.00,'2017-05-31 10:22:58',208,50.0000),(37,12,4,4.00,'2017-05-31 12:01:48',217,50.0000),(38,16,4,2.00,'2017-06-05 13:39:18',218,200.0000),(39,14,4,1.00,'2017-06-05 13:41:14',219,50.0000),(40,11,2,1.00,'2017-06-07 14:36:33',221,100.0000),(41,11,3,1.00,'2017-06-07 14:37:05',221,100.0000),(42,13,4,1.00,'2017-06-07 14:37:53',221,100.0000),(43,1,4,1.00,'2017-06-07 14:39:15',221,100.0000),(44,10,3,1.00,'2017-06-07 14:40:12',221,100.0000),(45,10,2,1.00,'2017-06-07 14:40:54',221,10.0000),(46,10,4,1.00,'2017-06-07 14:41:29',221,10.0000),(47,10,4,1.00,'2017-06-07 14:41:53',221,100.0000),(48,18,3,1.00,'2017-06-08 20:34:07',225,40.0000),(49,19,4,2.00,'2017-06-08 20:35:40',225,60.0000),(50,19,4,1.00,'2017-06-08 20:47:29',226,80.0000),(51,6,2,2.00,'2017-06-08 21:08:33',230,60.0000),(52,17,4,1.00,'2017-06-09 20:34:14',267,20.0000),(53,6,2,1.00,'2017-06-10 14:24:16',270,50.0000),(54,12,3,1.00,'2017-06-10 20:36:35',272,17.0000),(55,17,4,1.00,'2017-06-11 14:49:07',282,50.0000),(56,18,3,1.00,'2017-06-11 14:49:21',282,100.0000),(57,1,3,1.00,'2017-06-12 16:18:06',289,100.0000),(58,2,3,1.00,'2017-06-12 16:18:13',289,100.0000),(59,3,2,1.00,'2017-06-12 16:18:34',289,100.0000),(60,4,4,1.00,'2017-06-12 16:18:49',289,100.0000),(61,5,3,1.00,'2017-06-12 16:18:57',289,100.0000),(62,14,4,1.00,'2017-06-16 19:47:47',395,100.0000),(63,19,3,2.00,'2017-06-16 19:47:56',395,100.0000),(64,15,2,1.00,'2017-06-16 19:54:06',396,100.0000),(65,20,3,2.00,'2017-06-18 16:12:01',422,200.0000),(66,5,2,3.00,'2017-06-18 21:00:33',433,100.0000),(67,17,3,1.00,'2017-06-18 21:01:22',433,50.0000),(68,1,2,2.00,'2017-06-18 22:32:26',438,100.0000),(69,2,3,3.00,'2017-06-18 22:32:35',438,100.0000),(70,3,3,2.00,'2017-06-18 22:32:47',438,100.0000),(71,4,4,3.00,'2017-06-18 22:33:01',438,100.0000),(72,5,2,2.00,'2017-06-18 22:33:13',438,100.0000),(73,6,3,1.00,'2017-06-18 22:33:29',438,50.0000),(74,7,4,2.00,'2017-06-18 22:33:45',438,25.0000),(75,8,4,3.00,'2017-06-18 22:34:10',438,10.0000),(76,9,4,2.00,'2017-06-18 22:34:24',438,15.0000),(77,20,2,4.00,'2017-06-18 22:34:52',438,100.0000),(78,19,2,3.00,'2017-06-18 22:35:04',438,50.0000),(79,10,3,2.00,'2017-06-18 22:38:24',438,20.0000),(80,6,2,2.55,'2017-06-19 08:41:43',441,10.5000),(81,21,2,2.00,'2017-06-19 09:25:05',445,12.0000),(82,22,3,1.50,'2017-06-19 10:11:00',449,12.0000);
/*!40000 ALTER TABLE `entradas_produtos` ENABLE KEYS */;
UNLOCK TABLES;

--
-- Table structure for table `estoques`
--

DROP TABLE IF EXISTS `estoques`;
/*!40101 SET @saved_cs_client     = @@character_set_client */;
/*!40101 SET character_set_client = utf8 */;
CREATE TABLE `estoques` (
  `ID_Unidade` int(11) NOT NULL,
  `ID_Produto` int(11) NOT NULL,
  `Valor_Total` decimal(8,2) DEFAULT NULL,
  `Quantidade` decimal(9,4) DEFAULT NULL,
  PRIMARY KEY (`ID_Unidade`,`ID_Produto`),
  KEY `ID_Produto` (`ID_Produto`),
  CONSTRAINT `estoques_ibfk_1` FOREIGN KEY (`ID_Unidade`) REFERENCES `unidades` (`ID_Unidade`),
  CONSTRAINT `estoques_ibfk_2` FOREIGN KEY (`ID_Produto`) REFERENCES `produtos` (`ID_Produto`)
) ENGINE=InnoDB DEFAULT CHARSET=utf8;
/*!40101 SET character_set_client = @saved_cs_client */;

--
-- Dumping data for table `estoques`
--

LOCK TABLES `estoques` WRITE;
/*!40000 ALTER TABLE `estoques` DISABLE KEYS */;
INSERT INTO `estoques` VALUES (1,1,196.00,98.0000),(1,2,276.00,92.0000),(1,3,198.00,99.0000),(1,4,297.00,99.0000),(1,5,198.00,99.0000),(1,6,69.43,54.2100),(1,7,50.00,25.0000),(1,8,30.00,10.0000),(1,9,28.00,14.0000),(1,10,28.00,14.0000),(1,11,0.00,0.0000),(1,12,0.00,0.0000),(1,13,0.00,0.0000),(1,14,0.00,0.0000),(1,15,0.00,0.0000),(1,16,0.00,0.0000),(1,17,0.00,0.0000),(1,18,0.00,0.0000),(1,19,144.00,48.0000),(1,20,348.00,87.0000),(1,21,18.00,9.0000),(1,22,15.00,10.0000),(2,1,94.00,94.0000),(2,2,96.00,96.0000),(2,3,95.00,95.0000),(2,4,95.00,95.0000),(2,5,91.00,91.0000),(2,19,76.00,76.0000);
/*!40000 ALTER TABLE `estoques` ENABLE KEYS */;
UNLOCK TABLES;

--
-- Table structure for table `fornecedores`
--

DROP TABLE IF EXISTS `fornecedores`;
/*!40101 SET @saved_cs_client     = @@character_set_client */;
/*!40101 SET character_set_client = utf8 */;
CREATE TABLE `fornecedores` (
  `ID_Fornecedor` int(11) NOT NULL AUTO_INCREMENT,
  `Nome_Fantasia` varchar(20) NOT NULL,
  `Razao_Social` varchar(70) NOT NULL,
  `CNPJ` char(18) NOT NULL,
  `Ativo` tinyint(4) DEFAULT '1',
  PRIMARY KEY (`ID_Fornecedor`)
) ENGINE=InnoDB AUTO_INCREMENT=5 DEFAULT CHARSET=utf8;
/*!40101 SET character_set_client = @saved_cs_client */;

--
-- Dumping data for table `fornecedores`
--

LOCK TABLES `fornecedores` WRITE;
/*!40000 ALTER TABLE `fornecedores` DISABLE KEYS */;
INSERT INTO `fornecedores` VALUES (2,'Hugos Tevais','Hugos Tevais Ltda.','22.222.222/2222-22',1),(3,'Lúcios Geral','Lúcios Geral Ltda.','33.333.333/3333-33',1),(4,'Uno','Uno Ltda','11.111.111/1111-11',1);
/*!40000 ALTER TABLE `fornecedores` ENABLE KEYS */;
UNLOCK TABLES;

--
-- Table structure for table `funcoes_usuarios`
--

DROP TABLE IF EXISTS `funcoes_usuarios`;
/*!40101 SET @saved_cs_client     = @@character_set_client */;
/*!40101 SET character_set_client = utf8 */;
CREATE TABLE `funcoes_usuarios` (
  `ID_Funcao` int(11) NOT NULL AUTO_INCREMENT,
  `Descricao` varchar(50) NOT NULL,
  PRIMARY KEY (`ID_Funcao`)
) ENGINE=InnoDB AUTO_INCREMENT=5 DEFAULT CHARSET=utf8;
/*!40101 SET character_set_client = @saved_cs_client */;

--
-- Dumping data for table `funcoes_usuarios`
--

LOCK TABLES `funcoes_usuarios` WRITE;
/*!40000 ALTER TABLE `funcoes_usuarios` DISABLE KEYS */;
INSERT INTO `funcoes_usuarios` VALUES (1,'Gerente'),(2,'Operador(a) de caixa'),(3,'Estoquista'),(4,'Administrador');
/*!40000 ALTER TABLE `funcoes_usuarios` ENABLE KEYS */;
UNLOCK TABLES;

--
-- Table structure for table `itens_vendas`
--

DROP TABLE IF EXISTS `itens_vendas`;
/*!40101 SET @saved_cs_client     = @@character_set_client */;
/*!40101 SET character_set_client = utf8 */;
CREATE TABLE `itens_vendas` (
  `ID_Venda` int(11) NOT NULL,
  `ID_Produto` int(11) NOT NULL,
  `Numero_Item` int(11) NOT NULL,
  `Subtotal` decimal(10,2) NOT NULL,
  `Cancelado` tinyint(4) DEFAULT '0',
  `Quantidade` decimal(9,4) DEFAULT NULL,
  PRIMARY KEY (`ID_Venda`,`ID_Produto`,`Numero_Item`),
  KEY `ID_Produto` (`ID_Produto`),
  CONSTRAINT `itens_vendas_ibfk_1` FOREIGN KEY (`ID_Venda`) REFERENCES `vendas` (`ID_Venda`),
  CONSTRAINT `itens_vendas_ibfk_2` FOREIGN KEY (`ID_Produto`) REFERENCES `produtos` (`ID_Produto`)
) ENGINE=InnoDB DEFAULT CHARSET=utf8;
/*!40101 SET character_set_client = @saved_cs_client */;

--
-- Dumping data for table `itens_vendas`
--

LOCK TABLES `itens_vendas` WRITE;
/*!40000 ALTER TABLE `itens_vendas` DISABLE KEYS */;
INSERT INTO `itens_vendas` VALUES (94,1,1,33.00,0,11.0000),(95,1,1,30.00,0,10.0000),(96,1,1,3.00,0,1.0000),(97,1,1,39.00,0,13.0000),(98,6,1,8.99,0,1.5000),(99,1,1,3.00,0,1.0000),(99,5,2,3.75,0,1.0000),(99,6,3,5.99,0,1.0000),(100,1,1,3.00,0,1.0000),(100,5,2,3.75,0,1.0000),(100,6,3,5.99,0,1.0000),(101,1,1,3.00,0,1.0000),(101,6,2,5.99,0,1.0000),(102,1,1,6.00,0,2.0000),(103,1,1,6.00,0,2.0000),(104,1,1,6.00,0,2.0000),(105,1,1,3.00,0,1.0000),(106,1,1,6.00,0,2.0000),(106,5,2,3.75,0,1.0000),(107,1,1,3.00,0,1.0000),(109,1,1,6.00,0,2.0000),(109,5,2,7.50,0,2.0000),(109,6,3,5.99,0,1.0000),(110,1,1,9.00,0,3.0000),(110,5,2,7.50,0,2.0000),(110,6,3,5.99,0,1.0000),(111,1,1,3.00,0,1.0000),(112,1,1,6.00,0,2.0000),(112,5,2,7.50,0,2.0000),(112,6,3,5.99,0,1.0000),(113,1,1,3.00,0,1.0000),(114,1,1,33.00,0,11.0000),(115,1,1,3.00,0,1.0000),(116,1,1,3.00,0,1.0000),(117,1,1,3.00,0,1.0000),(118,1,1,3.00,0,1.0000),(119,1,1,3.00,0,1.0000),(123,1,1,3.00,0,1.0000),(123,5,2,3.75,0,1.0000),(123,6,3,5.99,0,1.0000),(124,1,1,3.00,0,1.0000),(124,2,2,5.26,0,1.0000),(124,3,3,3.60,0,1.0000),(124,4,4,2.00,0,1.0000),(124,5,5,3.75,0,1.0000),(124,6,6,5.99,0,1.0000),(125,1,1,3.00,0,1.0000),(125,2,2,5.26,0,1.0000),(125,3,3,3.60,0,1.0000),(125,4,4,2.00,0,1.0000),(125,6,5,5.99,0,1.0000),(126,1,1,6.00,0,2.0000),(126,2,2,5.26,0,1.0000),(126,3,3,3.60,0,1.0000),(126,4,4,2.00,0,1.0000),(126,5,5,7.50,0,2.0000),(126,6,6,5.99,0,1.0000),(126,7,7,2.00,0,1.0000),(126,8,8,6.00,0,1.0000),(126,9,9,1.50,0,1.0000),(127,1,1,3.00,0,1.0000),(128,2,1,5.26,0,1.0000),(129,1,2,3.00,0,1.0000),(129,2,1,5.26,0,1.0000),(130,1,1,3.00,0,1.0000),(131,9,1,1.50,0,1.0000),(132,10,1,12.00,0,8.0000),(133,11,1,12.00,0,8.0000),(134,11,1,1.50,0,1.0000),(135,12,1,12.00,0,8.0000),(136,13,1,1.50,0,1.0000),(137,8,1,6.00,0,1.0000),(138,6,1,5.99,0,1.0000),(139,8,1,6.00,0,1.0000),(140,1,1,3.00,1,1.0000),(140,5,2,3.75,0,1.0000),(141,1,1,3.00,0,1.0000),(142,1,1,6.00,0,2.0000),(142,2,2,10.52,0,2.0000),(142,3,3,3.60,0,1.0000),(142,4,4,4.00,0,2.0000),(142,5,5,3.75,0,1.0000),(142,6,6,5.99,0,1.0000),(142,7,7,2.00,0,1.0000),(142,8,8,6.00,0,1.0000),(142,9,9,1.50,0,1.0000),(142,10,10,1.50,0,1.0000),(143,1,1,6.00,0,2.0000),(143,2,2,10.52,0,2.0000),(143,3,3,3.60,0,1.0000),(144,1,1,3.00,0,1.0000),(144,2,2,5.26,0,1.0000),(145,1,1,3.00,0,1.0000),(145,6,2,5.99,0,1.0000),(145,8,3,6.00,0,1.0000),(146,2,1,5.26,0,1.0000),(146,10,2,1.50,0,1.0000),(146,11,3,3.00,0,2.0000),(146,12,4,1.50,0,1.0000),(147,5,1,15.00,0,4.0000),(147,7,2,4.00,0,2.0000),(147,8,3,6.00,0,1.0000),(149,3,1,3.60,0,1.0000),(149,4,2,2.00,0,1.0000),(149,5,3,11.25,0,3.0000),(149,6,4,5.99,0,1.0000),(153,2,1,5.26,0,1.0000),(153,3,2,3.60,0,1.0000),(153,4,3,4.00,0,2.0000),(153,5,4,11.25,0,3.0000),(153,7,5,2.00,0,1.0000),(154,1,1,3.00,0,1.0000),(154,2,2,5.26,0,1.0000),(154,3,3,3.60,0,1.0000),(154,4,4,4.00,0,2.0000),(154,5,5,15.00,0,4.0000),(155,1,1,3.00,0,1.0000),(155,2,2,5.26,0,1.0000),(155,3,3,3.60,0,1.0000),(155,4,4,4.00,0,2.0000),(155,5,5,15.00,0,4.0000),(160,1,1,3.00,1,1.0000),(160,2,2,5.26,0,1.0000),(161,7,1,6.00,0,3.0000),(161,8,2,6.00,0,1.0000),(162,2,5,10.52,0,2.0000),(162,3,4,3.60,0,1.0000),(162,5,1,22.50,0,6.0000),(162,6,2,29.95,0,5.0000),(162,7,3,4.00,0,2.0000),(162,8,7,6.00,0,1.0000),(162,9,6,1.50,0,1.0000),(163,2,1,10.52,0,2.0000),(163,8,2,6.00,0,1.0000),(164,4,8,2.00,0,1.0000),(164,5,7,3.75,0,1.0000),(164,7,4,2.00,0,1.0000),(164,8,5,6.00,0,1.0000),(164,9,6,1.50,0,1.0000),(164,10,1,3.00,0,2.0000),(164,11,2,9.00,0,6.0000),(164,12,3,1.50,0,1.0000),(165,5,1,15.00,0,4.0000),(165,9,2,3.00,0,2.0000),(165,13,3,4.50,0,3.0000),(166,9,1,3.00,0,2.0000),(166,11,3,4.50,0,3.0000),(166,12,2,1.50,0,1.0000),(167,1,1,9.00,0,3.0000),(167,2,3,5.26,0,1.0000),(167,4,2,2.00,0,1.0000),(167,5,5,15.00,0,4.0000),(167,6,4,17.97,0,3.0000),(167,7,6,2.00,0,1.0000),(167,8,7,6.00,0,1.0000),(167,9,8,3.00,0,2.0000),(167,10,9,3.00,0,2.0000),(167,11,10,6.00,0,4.0000),(167,12,11,3.00,0,2.0000),(167,14,12,6.00,0,2.0000),(169,2,1,10.52,0,2.0000),(169,3,2,3.60,0,1.0000),(169,5,3,22.50,0,6.0000),(169,6,4,29.95,0,5.0000),(169,7,5,4.00,0,2.0000),(169,8,6,6.00,1,1.0000),(169,9,7,1.50,0,1.0000),(175,19,1,10.00,0,4.0000),(176,19,1,12.50,0,5.0000),(177,19,1,12.50,0,5.0000),(178,11,3,6.00,0,4.0000),(178,14,1,9.00,0,3.0000),(178,17,2,3.60,0,3.0000),(179,2,4,5.26,0,1.0000),(179,4,1,4.00,0,2.0000),(179,6,2,12.00,0,4.0000),(179,7,3,4.00,0,2.0000),(179,10,5,1.50,0,1.0000),(179,14,6,6.00,0,2.0000),(179,18,7,3.00,0,2.0000),(180,7,6,4.00,0,2.0000),(180,8,5,6.00,0,1.0000),(180,12,4,3.00,0,2.0000),(180,14,7,6.00,0,2.0000),(180,16,3,5.50,1,2.0000),(180,17,2,4.80,0,4.0000),(180,19,1,10.00,0,4.0000),(184,17,1,7.20,0,6.0000),(185,6,1,12.00,0,4.0000),(185,8,3,6.00,1,1.0000),(185,9,4,7.50,0,5.0000),(185,12,2,3.00,0,2.0000),(186,13,1,6.00,0,4.0000),(186,14,3,6.00,0,2.0000),(186,16,2,16.50,0,6.0000),(187,14,4,6.00,0,2.0000),(187,17,3,7.20,0,6.0000),(187,18,2,3.00,0,2.0000),(187,19,1,10.00,0,4.0000),(188,4,1,4.00,0,2.0000),(188,5,3,7.50,0,2.0000),(188,6,2,9.00,0,3.0000),(188,7,5,4.00,0,2.0000),(188,8,4,6.00,0,1.0000),(188,16,6,5.50,0,2.0000),(188,17,7,4.80,0,4.0000),(189,3,4,7.20,0,2.0000),(189,4,2,2.00,0,1.0000),(189,6,3,6.00,0,2.0000),(189,9,5,3.00,0,2.0000),(189,11,7,6.00,0,4.0000),(189,12,6,3.00,0,2.0000),(189,19,1,12.50,0,5.0000),(190,3,7,3.60,0,1.0000),(190,4,6,2.00,0,1.0000),(190,9,5,3.00,0,2.0000),(190,11,1,6.00,0,4.0000),(190,12,2,1.50,0,1.0000),(190,14,4,6.00,0,2.0000),(190,18,3,3.00,0,2.0000),(191,2,4,5.26,0,1.0000),(191,4,3,2.00,0,1.0000),(191,6,1,12.00,0,4.0000),(191,13,2,7.50,0,5.0000),(191,17,5,4.80,0,4.0000),(192,1,1,12.00,0,4.0000),(192,2,2,5.26,0,1.0000),(192,3,3,3.60,0,1.0000),(192,4,4,2.00,0,1.0000),(192,5,5,22.50,0,6.0000),(192,6,6,12.00,0,4.0000),(192,7,7,8.00,0,4.0000),(192,8,8,6.00,0,1.0000),(192,9,9,6.00,0,4.0000),(192,10,10,1.50,0,1.0000),(192,11,11,9.00,0,6.0000),(192,12,12,1.50,0,1.0000),(192,13,13,4.50,0,3.0000),(192,14,14,6.00,0,2.0000),(192,16,15,11.00,0,4.0000),(192,17,16,6.00,0,5.0000),(192,18,17,3.00,0,2.0000),(192,19,18,10.00,0,4.0000),(193,1,2,6.00,0,2.0000),(193,3,1,3.60,0,1.0000),(193,16,5,5.50,0,2.0000),(193,17,6,4.80,0,4.0000),(193,18,4,4.50,0,3.0000),(193,19,3,10.00,0,4.0000),(194,6,1,12.00,0,4.0000),(194,11,3,6.00,0,4.0000),(194,12,2,1.50,0,1.0000),(194,13,4,7.50,0,5.0000),(194,14,8,6.00,0,2.0000),(194,16,7,5.50,0,2.0000),(194,17,6,4.80,0,4.0000),(194,18,5,3.00,0,2.0000),(195,4,2,2.00,0,1.0000),(195,6,3,6.00,0,2.0000),(195,8,4,6.00,0,1.0000),(195,12,5,1.50,0,1.0000),(195,14,6,6.00,0,2.0000),(195,19,1,10.00,0,4.0000),(196,1,3,12.00,0,4.0000),(196,3,4,7.20,0,2.0000),(196,5,1,22.50,0,6.0000),(196,19,2,10.00,0,4.0000),(197,14,2,15.00,0,5.0000),(197,18,1,7.50,0,5.0000),(198,3,9,3.60,0,1.0000),(198,4,8,2.00,0,1.0000),(198,5,10,7.50,0,2.0000),(198,7,7,4.00,0,2.0000),(198,8,6,6.00,0,1.0000),(198,12,5,3.00,0,2.0000),(198,14,3,15.00,0,5.0000),(198,16,2,11.00,0,4.0000),(198,18,4,7.50,0,5.0000),(198,19,1,10.00,0,4.0000),(199,1,5,12.00,0,4.0000),(199,2,4,5.26,0,1.0000),(199,5,3,11.25,0,3.0000),(199,14,2,15.00,0,5.0000),(199,18,1,7.50,0,5.0000),(200,18,1,9.00,1,6.0000),(200,18,2,9.00,0,6.0000),(201,1,1,2.00,0,1.0000),(201,2,2,2.50,0,1.0000),(201,3,3,3.00,0,1.0000),(201,4,4,2.20,0,1.0000),(201,5,5,2.75,0,1.0000),(202,1,4,4.00,0,2.0000),(202,3,1,3.00,0,1.0000),(202,4,2,4.40,0,2.0000),(202,5,3,11.00,0,4.0000),(203,1,4,9.00,0,3.0000),(203,5,1,7.50,0,2.0000),(203,10,2,1.50,0,1.0000),(203,12,3,3.00,0,2.0000),(204,3,1,3.60,0,1.0000),(204,5,2,7.50,0,2.0000),(204,6,3,12.00,0,4.0000),(204,17,6,2.40,0,2.0000),(204,18,4,2.40,0,2.0000),(204,19,5,2.50,0,1.0000),(205,1,1,3.00,0,1.0000),(205,4,3,2.00,0,1.0000),(205,5,2,3.75,0,1.0000),(206,1,1,2.00,0,1.0000),(206,2,4,5.00,0,2.0000),(206,4,2,4.40,0,2.0000),(206,5,3,11.00,0,4.0000),(207,1,1,3.30,0,1.0000),(208,1,1,6.60,0,2.0000),(208,4,2,2.00,0,1.0000),(208,5,3,15.00,0,4.0000),(208,19,4,10.00,0,4.0000),(209,1,1,4.00,0,2.0000),(209,2,2,2.50,0,1.0000),(209,3,3,9.00,0,3.0000),(210,1,1,3.30,0,1.0000),(210,10,2,3.00,0,2.0000),(210,17,5,4.80,0,4.0000),(210,18,4,2.40,0,2.0000),(210,19,3,5.00,0,2.0000),(211,13,2,6.00,0,4.0000),(211,16,1,8.25,0,3.0000),(212,1,7,3.30,0,1.0000),(212,2,8,5.26,0,1.0000),(212,3,9,3.60,0,1.0000),(212,4,6,4.00,0,2.0000),(212,5,5,15.00,0,4.0000),(212,7,11,6.00,0,3.0000),(212,8,10,6.00,0,1.0000),(212,10,12,1.50,0,1.0000),(212,11,13,9.00,0,6.0000),(212,15,1,6.00,0,5.0000),(212,17,3,7.20,0,6.0000),(212,18,2,2.40,0,2.0000),(212,19,4,5.00,0,2.0000),(213,2,5,26.30,0,5.0000),(213,4,4,10.00,0,5.0000),(213,12,3,6.00,0,4.0000),(213,15,1,6.00,0,5.0000),(213,19,2,10.00,0,4.0000),(214,15,2,7.20,0,6.0000),(214,18,1,4.80,0,4.0000),(215,3,2,10.80,0,3.0000),(215,5,3,15.00,0,4.0000),(215,14,7,15.00,0,5.0000),(215,15,1,4.80,0,4.0000),(215,16,6,5.50,0,2.0000),(215,17,4,6.00,0,5.0000),(215,18,5,3.60,0,3.0000),(216,2,2,21.04,0,4.0000),(216,4,1,6.00,0,3.0000),(216,7,3,8.00,0,4.0000),(216,8,4,12.00,0,2.0000),(216,12,5,3.00,0,2.0000),(217,9,3,3.00,0,2.0000),(217,14,2,12.00,0,4.0000),(217,17,4,12.00,0,10.0000),(217,18,1,2.40,0,2.0000),(218,2,2,5.26,0,1.0000),(218,12,3,1.50,0,1.0000),(218,13,1,7.50,0,5.0000),(218,16,5,5.50,0,2.0000),(218,17,4,2.40,0,2.0000),(219,2,4,10.52,0,2.0000),(219,4,2,4.00,0,2.0000),(219,5,3,15.00,0,4.0000),(219,6,7,4.50,0,1.5000),(219,7,1,6.00,0,3.0000),(219,10,5,1.50,0,1.0000),(219,11,6,6.00,0,4.0000),(220,1,4,13.20,0,4.0000),(220,5,2,15.00,0,4.0000),(220,6,1,6.90,0,2.3000),(220,19,3,10.00,0,4.0000),(221,4,2,8.00,0,4.0000),(221,5,3,15.00,0,4.0000),(221,6,1,0.90,0,0.3000),(221,9,6,6.00,0,4.0000),(221,12,10,3.00,0,2.0000),(221,14,7,12.00,0,4.0000),(221,15,9,1.20,0,1.0000),(221,16,8,5.50,0,2.0000),(221,17,4,4.80,0,4.0000),(221,19,5,5.00,0,2.0000),(222,20,1,3.50,0,1.0000),(224,2,5,5.26,0,1.0000),(224,3,6,3.60,0,1.0000),(224,4,4,2.00,0,1.0000),(224,6,3,1.50,0,0.5000),(224,7,7,2.00,0,1.0000),(224,9,8,3.00,0,2.0000),(224,17,2,4.80,0,4.0000),(224,20,1,6.50,0,1.0000),(225,3,4,14.40,0,4.0000),(225,6,5,16.50,0,5.5000),(225,9,6,7.50,0,5.0000),(225,10,1,7.50,0,5.0000),(225,14,2,30.00,0,10.0000),(225,15,3,12.00,0,10.0000),(226,1,8,16.50,0,5.0000),(226,3,7,10.80,0,3.0000),(226,4,1,10.00,0,5.0000),(226,6,2,4.50,0,1.5000),(226,8,3,30.00,0,5.0000),(226,9,4,15.00,0,10.0000),(226,14,5,30.00,0,10.0000),(226,17,6,24.00,0,20.0000),(227,1,1,33.00,0,10.0000),(227,2,2,52.60,0,10.0000),(227,3,3,36.00,0,10.0000),(227,4,4,20.00,0,10.0000),(227,5,5,37.50,0,10.0000),(227,6,6,30.00,0,10.0000),(227,7,7,20.00,0,10.0000),(227,8,8,60.00,0,10.0000),(227,9,9,15.00,0,10.0000),(227,10,10,15.00,0,10.0000),(228,5,1,33.75,0,9.0000),(228,14,3,12.00,0,4.0000),(228,17,4,9.60,0,8.0000),(228,18,2,4.80,0,4.0000),(228,20,5,13.00,0,2.0000),(229,6,8,13.50,0,4.5000),(229,9,1,15.00,0,10.0000),(229,10,9,4.50,0,3.0000),(229,11,6,18.00,0,12.0000),(229,12,5,1.50,0,1.0000),(229,14,2,30.00,0,10.0000),(229,17,4,12.00,0,10.0000),(229,18,3,12.00,0,10.0000),(229,19,7,15.00,0,6.0000),(230,1,5,9.90,0,3.0000),(230,4,6,8.00,0,4.0000),(230,6,10,7.50,0,2.5000),(230,10,1,12.00,0,8.0000),(230,12,4,3.00,0,2.0000),(230,14,8,15.00,0,5.0000),(230,15,3,6.00,0,5.0000),(230,16,7,16.50,0,6.0000),(230,18,9,6.00,0,5.0000),(230,19,2,20.00,0,8.0000),(231,6,1,30.00,0,10.0000),(231,8,2,60.00,0,10.0000),(231,11,4,10.50,0,7.0000),(231,12,3,10.50,0,7.0000),(231,15,5,7.20,0,6.0000),(231,16,6,27.50,0,10.0000),(232,4,6,4.00,0,2.0000),(232,6,1,27.00,0,9.0000),(232,8,2,60.00,0,10.0000),(232,11,3,9.00,0,6.0000),(232,12,4,15.00,0,10.0000),(232,16,5,27.50,0,10.0000),(233,1,7,13.20,0,4.0000),(233,3,6,14.40,0,4.0000),(233,6,5,4.50,0,1.5000),(233,10,1,9.00,0,6.0000),(233,11,2,9.00,0,6.0000),(233,12,3,12.00,0,8.0000),(233,16,4,22.00,0,8.0000),(235,1,2,16.50,0,5.0000),(235,3,7,10.80,0,3.0000),(235,5,3,30.00,0,8.0000),(235,6,6,7.50,0,2.5000),(235,7,4,20.00,0,10.0000),(235,9,5,15.00,0,10.0000),(235,10,1,6.00,0,4.0000),(235,11,8,9.00,0,6.0000),(235,19,9,10.00,0,4.0000),(235,20,10,6.50,0,1.0000),(236,3,4,10.80,0,3.0000),(236,4,5,10.00,0,5.0000),(236,6,6,7.80,0,2.6000),(236,9,1,1.50,0,1.0000),(236,10,2,1.50,0,1.0000),(236,12,7,3.00,0,2.0000),(236,13,8,6.00,0,4.0000),(236,14,3,9.00,0,3.0000),(236,16,13,9.63,0,3.5000),(236,17,12,6.00,0,5.0000),(236,18,11,4.80,0,4.0000),(236,19,9,15.00,0,6.0000),(236,20,10,6.50,0,1.0000),(237,5,2,22.50,0,6.0000),(237,8,3,6.00,0,1.0000),(237,9,1,7.50,0,5.0000),(237,10,9,1.50,0,1.0000),(237,12,4,3.00,0,2.0000),(237,14,6,12.00,0,4.0000),(237,16,5,15.13,0,5.5000),(237,17,8,9.60,0,8.0000),(237,18,7,6.00,0,5.0000),(237,19,11,10.00,0,4.0000),(237,20,10,6.50,0,1.0000),(238,1,1,201.30,0,61.0000),(238,2,2,526.00,0,100.0000),(238,3,3,360.00,0,100.0000),(238,4,4,200.00,0,100.0000),(238,5,5,270.00,0,72.0000),(239,6,1,45.90,0,15.3000),(239,7,2,200.00,0,100.0000),(239,8,3,600.00,0,100.0000),(240,9,1,150.00,0,100.0000),(240,10,2,150.00,0,100.0000),(240,11,3,150.00,0,100.0000),(240,12,4,13.50,0,9.0000),(241,3,1,133.20,0,37.0000),(241,4,2,62.00,0,31.0000),(241,7,3,80.00,0,40.0000),(241,8,4,336.00,0,56.0000),(242,2,1,247.22,0,47.0000),(242,9,2,1.50,0,1.0000),(242,10,3,79.50,0,53.0000),(243,11,1,87.00,0,58.0000),(244,13,1,106.50,0,71.0000),(244,14,2,165.00,0,55.0000),(244,15,3,69.60,0,58.0000),(245,16,1,275.00,0,100.0000),(246,3,1,32.40,0,9.0000),(247,16,1,66.00,0,24.0000),(248,17,1,13.20,0,11.0000),(248,18,2,12.00,0,10.0000),(248,19,3,10.00,0,4.0000),(248,20,4,13.00,0,2.0000),(249,17,3,1.20,0,1.0000),(249,19,1,10.00,0,4.0000),(249,20,2,26.00,0,4.0000),(250,20,1,65.00,0,10.0000),(251,18,3,6.00,0,5.0000),(251,19,1,12.50,0,5.0000),(251,20,2,32.50,0,5.0000),(252,20,1,65.00,0,10.0000),(253,20,1,130.00,0,20.0000),(254,18,1,6.00,0,5.0000),(254,19,2,12.50,0,5.0000),(254,20,3,32.50,0,5.0000),(255,20,1,65.00,0,10.0000),(256,18,1,12.00,0,10.0000),(256,19,2,15.00,0,6.0000),(257,18,1,12.00,0,10.0000),(257,19,2,25.00,0,10.0000),(257,20,3,65.00,0,10.0000),(258,20,1,97.50,0,15.0000),(259,20,1,6.50,0,1.0000),(260,18,1,8.40,0,7.0000),(260,19,2,2.50,0,1.0000),(260,20,3,52.00,0,8.0000),(261,1,5,3.30,0,1.0000),(261,2,8,5.26,0,1.0000),(261,3,3,3.60,0,1.0000),(261,4,4,2.00,0,1.0000),(261,6,7,3.00,0,1.0000),(261,10,1,3.00,0,2.0000),(261,19,6,5.00,0,2.0000),(261,20,2,65.00,0,10.0000),(262,5,5,3.75,0,1.0000),(262,6,4,4.50,0,1.5000),(262,9,3,1.50,0,1.0000),(262,10,2,6.00,0,4.0000),(262,20,1,13.00,0,2.0000),(263,2,2,15.78,1,3.0000),(263,6,1,3.00,0,1.0000),(264,2,2,15.78,0,3.0000),(264,9,1,1.50,1,1.0000),(265,2,1,5.26,0,1.0000),(265,6,3,8.37,0,2.7900),(265,20,2,6.50,0,1.0000),(266,1,2,3.30,0,1.0000),(266,2,3,15.78,0,3.0000),(266,21,1,7.50,0,2.0000);
/*!40000 ALTER TABLE `itens_vendas` ENABLE KEYS */;
UNLOCK TABLES;

--
-- Table structure for table `motivos_produtos_retirados`
--

DROP TABLE IF EXISTS `motivos_produtos_retirados`;
/*!40101 SET @saved_cs_client     = @@character_set_client */;
/*!40101 SET character_set_client = utf8 */;
CREATE TABLE `motivos_produtos_retirados` (
  `ID_Motivo` int(11) NOT NULL AUTO_INCREMENT,
  `Descricao` varchar(70) NOT NULL,
  PRIMARY KEY (`ID_Motivo`)
) ENGINE=InnoDB AUTO_INCREMENT=3 DEFAULT CHARSET=utf8;
/*!40101 SET character_set_client = @saved_cs_client */;

--
-- Dumping data for table `motivos_produtos_retirados`
--

LOCK TABLES `motivos_produtos_retirados` WRITE;
/*!40000 ALTER TABLE `motivos_produtos_retirados` DISABLE KEYS */;
INSERT INTO `motivos_produtos_retirados` VALUES (1,'Mercadoria vencida'),(2,'Mercadoria Danificada');
/*!40000 ALTER TABLE `motivos_produtos_retirados` ENABLE KEYS */;
UNLOCK TABLES;

--
-- Table structure for table `pagamentos_vendas`
--

DROP TABLE IF EXISTS `pagamentos_vendas`;
/*!40101 SET @saved_cs_client     = @@character_set_client */;
/*!40101 SET character_set_client = utf8 */;
CREATE TABLE `pagamentos_vendas` (
  `ID_Venda` int(11) NOT NULL,
  `Dinheiro` decimal(7,2) NOT NULL DEFAULT '0.00',
  `Debito` decimal(7,2) DEFAULT '0.00',
  `Credito` decimal(7,2) DEFAULT '0.00',
  `Voucher` decimal(7,2) DEFAULT '0.00',
  `Cheque` decimal(7,2) DEFAULT '0.00',
  `Outros` decimal(7,2) DEFAULT '0.00',
  `Troco` decimal(7,2) DEFAULT '0.00',
  PRIMARY KEY (`ID_Venda`),
  CONSTRAINT `pagamentos_vendas_ibfk_1` FOREIGN KEY (`ID_Venda`) REFERENCES `vendas` (`ID_Venda`)
) ENGINE=InnoDB DEFAULT CHARSET=utf8;
/*!40101 SET character_set_client = @saved_cs_client */;

--
-- Dumping data for table `pagamentos_vendas`
--

LOCK TABLES `pagamentos_vendas` WRITE;
/*!40000 ALTER TABLE `pagamentos_vendas` DISABLE KEYS */;
INSERT INTO `pagamentos_vendas` VALUES (94,100.00,0.00,0.00,0.00,0.00,0.00,67.00),(95,113.00,0.00,0.00,0.00,0.00,0.00,83.00),(97,50.00,0.00,0.00,0.00,0.00,0.00,11.00),(98,10.00,0.00,0.00,0.00,0.00,0.00,1.02),(99,12.74,0.00,0.00,0.00,0.00,0.00,0.00),(100,12.74,0.00,0.00,0.00,0.00,0.00,0.00),(101,8.99,0.00,0.00,0.00,0.00,0.00,0.00),(102,10.00,0.00,0.00,0.00,0.00,0.00,4.00),(103,102.00,0.00,0.00,0.00,0.00,0.00,96.00),(104,6.00,0.00,0.00,0.00,0.00,0.00,0.00),(105,3.00,0.00,0.00,0.00,0.00,0.00,0.00),(111,0.00,3.00,0.00,0.00,0.00,0.00,0.00),(112,0.00,0.00,19.49,0.00,0.00,0.00,0.00),(113,0.00,3.00,0.00,0.00,0.00,0.00,0.00),(114,0.00,0.00,33.00,0.00,0.00,0.00,0.00),(115,0.00,0.00,0.00,0.00,3.00,0.00,0.00),(116,3.00,0.00,0.00,0.00,0.00,0.00,0.00),(117,3.00,0.00,0.00,0.00,0.00,0.00,0.00),(118,3.00,0.00,0.00,0.00,0.00,0.00,0.00),(119,3.00,0.00,0.00,0.00,0.00,0.00,0.00),(123,12.74,0.00,0.00,0.00,0.00,0.00,0.00),(124,23.60,0.00,0.00,0.00,0.00,0.00,0.00),(125,19.85,0.00,0.00,0.00,0.00,0.00,0.00),(126,39.85,0.00,0.00,0.00,0.00,0.00,0.00),(127,0.00,3.00,0.00,0.00,0.00,0.00,0.00),(128,5.26,0.00,0.00,0.00,0.00,0.00,0.00),(129,8.26,0.00,0.00,0.00,0.00,0.00,0.00),(130,3.00,0.00,0.00,0.00,0.00,0.00,0.00),(131,1.50,0.00,0.00,0.00,0.00,0.00,0.00),(132,12.00,0.00,0.00,0.00,0.00,0.00,0.00),(133,12.00,0.00,0.00,0.00,0.00,0.00,0.00),(134,1.50,0.00,0.00,0.00,0.00,0.00,0.00),(135,12.00,0.00,0.00,0.00,0.00,0.00,0.00),(136,1.50,0.00,0.00,0.00,0.00,0.00,0.00),(137,10.00,0.00,0.00,0.00,0.00,0.00,4.00),(138,5.99,0.00,0.00,0.00,0.00,0.00,0.00),(139,6.00,0.00,0.00,0.00,0.00,0.00,0.00),(140,0.00,0.00,0.00,0.00,3.75,0.00,0.00),(141,0.00,0.00,0.00,0.00,3.00,0.00,0.00),(142,4.86,0.00,0.00,0.00,0.00,40.00,0.00),(143,20.12,0.00,0.00,0.00,0.00,0.00,0.00),(144,0.00,0.00,0.00,0.00,8.26,0.00,0.00),(145,15.00,0.00,0.00,0.00,0.00,0.00,0.01),(146,12.00,0.00,0.00,0.00,0.00,0.00,0.74),(147,25.00,0.00,0.00,0.00,0.00,0.00,0.00),(149,0.00,22.84,0.00,0.00,0.00,0.00,0.00),(153,30.00,0.00,0.00,0.00,0.00,0.00,3.89),(154,0.00,30.86,0.00,0.00,0.00,0.00,0.00),(155,30.86,0.00,0.00,0.00,0.00,0.00,0.00),(160,10.00,0.00,0.00,0.00,0.00,0.00,4.74),(161,12.00,0.00,0.00,0.00,0.00,0.00,0.00),(162,78.07,0.00,0.00,0.00,0.00,0.00,0.00),(163,20.00,0.00,0.00,0.00,0.00,0.00,3.48),(164,0.00,28.75,0.00,0.00,0.00,0.00,0.00),(165,25.00,0.00,0.00,0.00,0.00,0.00,2.50),(166,10.00,0.00,0.00,0.00,0.00,0.00,1.00),(167,0.00,78.23,0.00,0.00,0.00,0.00,0.00),(169,75.00,0.00,0.00,0.00,0.00,0.00,2.93),(175,10.00,0.00,0.00,0.00,0.00,0.00,0.00),(176,15.00,0.00,0.00,0.00,0.00,0.00,2.50),(177,15.00,0.00,0.00,0.00,0.00,0.00,2.50),(178,20.00,0.00,0.00,0.00,0.00,0.00,1.40),(179,0.00,35.76,0.00,0.00,0.00,0.00,0.00),(180,40.00,0.00,0.00,0.00,0.00,0.00,6.20),(184,10.00,0.00,0.00,0.00,0.00,0.00,2.80),(185,0.00,22.50,0.00,0.00,0.00,0.00,0.00),(186,30.00,0.00,0.00,0.00,0.00,0.00,1.50),(187,28.00,0.00,0.00,0.00,0.00,0.00,1.80),(188,0.00,40.80,0.00,0.00,0.00,0.00,0.00),(189,40.00,0.00,0.00,0.00,0.00,0.00,0.30),(190,0.00,0.00,25.10,0.00,0.00,0.00,0.00),(191,32.00,0.00,0.00,0.00,0.00,0.00,0.44),(192,0.00,0.00,129.86,0.00,0.00,0.00,0.00),(193,40.00,0.00,0.00,0.00,0.00,0.00,5.60),(194,50.00,0.00,0.00,0.00,0.00,0.00,3.70),(195,35.00,0.00,0.00,0.00,0.00,0.00,3.50),(196,0.00,51.70,0.00,0.00,0.00,0.00,0.00),(197,25.00,0.00,0.00,0.00,0.00,0.00,2.50),(198,100.00,0.00,0.00,0.00,0.00,0.00,30.40),(199,0.00,51.01,0.00,0.00,0.00,0.00,0.00),(200,10.00,0.00,0.00,0.00,0.00,0.00,1.00),(201,15.00,0.00,0.00,0.00,0.00,0.00,2.55),(202,0.00,22.40,0.00,0.00,0.00,0.00,0.00),(203,10.00,11.00,0.00,0.00,0.00,0.00,0.00),(204,0.40,10.00,10.00,0.00,10.00,0.00,0.00),(205,10.00,0.00,0.00,0.00,0.00,0.00,1.25),(206,25.00,0.00,0.00,0.00,0.00,0.00,2.60),(207,5.00,0.00,0.00,0.00,0.00,0.00,1.70),(208,13.60,20.00,0.00,0.00,0.00,0.00,0.00),(209,16.00,0.00,0.00,0.00,0.00,0.00,0.50),(210,20.00,0.00,0.00,0.00,0.00,0.00,1.50),(211,15.00,0.00,0.00,0.00,0.00,0.00,0.75),(212,0.00,74.26,0.00,0.00,0.00,0.00,0.00),(213,100.00,0.00,0.00,0.00,0.00,0.00,41.70),(214,15.00,0.00,0.00,0.00,0.00,0.00,3.00),(215,0.00,0.00,0.00,0.00,60.70,0.00,0.00),(216,0.00,50.04,0.00,0.00,0.00,0.00,0.00),(217,30.00,0.00,0.00,0.00,0.00,0.00,0.60),(218,25.00,0.00,0.00,0.00,0.00,0.00,2.84),(219,50.00,0.00,0.00,0.00,0.00,0.00,2.48),(220,0.00,45.10,0.00,0.00,0.00,0.00,0.00),(221,0.00,61.40,0.00,0.00,0.00,0.00,0.00),(224,50.00,0.00,0.00,0.00,0.00,0.00,21.34),(225,100.00,0.00,0.00,0.00,0.00,0.00,12.10),(226,0.00,140.80,0.00,0.00,0.00,0.00,0.00),(227,0.00,0.00,319.10,0.00,0.00,0.00,0.00),(228,0.00,73.15,0.00,0.00,0.00,0.00,0.00),(229,150.00,0.00,0.00,0.00,0.00,0.00,28.50),(230,0.00,103.90,0.00,0.00,0.00,0.00,0.00),(231,0.00,145.70,0.00,0.00,0.00,0.00,0.00),(232,50.00,92.50,0.00,0.00,0.00,0.00,0.00),(233,100.00,0.00,0.00,0.00,0.00,0.00,15.90),(235,0.00,0.00,0.00,0.00,0.00,131.30,0.00),(236,100.00,0.00,0.00,0.00,0.00,0.00,8.47),(237,0.00,0.00,0.00,0.00,99.73,0.00,0.00),(238,0.00,1557.30,0.00,0.00,0.00,0.00,0.00),(239,0.00,0.00,845.90,0.00,0.00,0.00,0.00),(240,0.00,463.50,0.00,0.00,0.00,0.00,0.00),(241,0.00,611.20,0.00,0.00,0.00,0.00,0.00),(242,0.00,0.00,0.00,0.00,328.22,0.00,0.00),(243,100.00,0.00,0.00,0.00,0.00,0.00,13.00),(244,0.00,0.00,0.00,0.00,341.10,0.00,0.00),(245,0.00,0.00,0.00,0.00,0.00,275.00,0.00),(246,50.00,0.00,0.00,0.00,0.00,0.00,17.60),(247,80.00,0.00,0.00,0.00,0.00,0.00,14.00),(248,50.00,0.00,0.00,0.00,0.00,0.00,1.80),(249,50.00,0.00,0.00,0.00,0.00,0.00,12.80),(250,100.00,0.00,0.00,0.00,0.00,0.00,35.00),(251,55.00,0.00,0.00,0.00,0.00,0.00,4.00),(252,100.00,0.00,0.00,0.00,0.00,0.00,35.00),(253,0.00,0.00,0.00,0.00,130.00,0.00,0.00),(254,55.00,0.00,0.00,0.00,0.00,0.00,4.00),(255,70.00,0.00,0.00,0.00,0.00,0.00,5.00),(256,30.00,0.00,0.00,0.00,0.00,0.00,3.00),(257,150.00,0.00,0.00,0.00,0.00,0.00,48.00),(258,100.00,0.00,0.00,0.00,0.00,0.00,2.50),(260,80.00,0.00,0.00,0.00,0.00,0.00,17.10),(261,0.00,90.16,0.00,0.00,0.00,0.00,0.00),(262,50.00,0.00,0.00,0.00,0.00,0.00,21.25),(263,1.00,1.00,1.00,0.00,0.00,0.00,0.00),(264,5.00,10.00,0.78,0.00,0.00,0.00,0.00),(265,22.00,0.00,0.00,0.00,0.00,0.00,1.87),(266,27.00,0.00,0.00,0.00,0.00,0.00,0.42);
/*!40000 ALTER TABLE `pagamentos_vendas` ENABLE KEYS */;
UNLOCK TABLES;

--
-- Temporary view structure for view `precos_atuais`
--

DROP TABLE IF EXISTS `precos_atuais`;
/*!50001 DROP VIEW IF EXISTS `precos_atuais`*/;
SET @saved_cs_client     = @@character_set_client;
SET character_set_client = utf8;
/*!50001 CREATE VIEW `precos_atuais` AS SELECT 
 1 AS `ID_Unidade`,
 1 AS `ID_Produto`,
 1 AS `Valor`,
 1 AS `Data`*/;
SET character_set_client = @saved_cs_client;

--
-- Table structure for table `precos_produtos`
--

DROP TABLE IF EXISTS `precos_produtos`;
/*!40101 SET @saved_cs_client     = @@character_set_client */;
/*!40101 SET character_set_client = utf8 */;
CREATE TABLE `precos_produtos` (
  `ID_Unidade` int(11) NOT NULL,
  `ID_Produto` int(11) NOT NULL,
  `Valor` decimal(7,2) NOT NULL,
  `Data` datetime NOT NULL,
  PRIMARY KEY (`ID_Unidade`,`ID_Produto`,`Data`),
  KEY `ID_Produto` (`ID_Produto`),
  CONSTRAINT `precos_produtos_ibfk_1` FOREIGN KEY (`ID_Unidade`) REFERENCES `unidades` (`ID_Unidade`),
  CONSTRAINT `precos_produtos_ibfk_2` FOREIGN KEY (`ID_Produto`) REFERENCES `produtos` (`ID_Produto`)
) ENGINE=InnoDB DEFAULT CHARSET=utf8;
/*!40101 SET character_set_client = @saved_cs_client */;

--
-- Dumping data for table `precos_produtos`
--

LOCK TABLES `precos_produtos` WRITE;
/*!40000 ALTER TABLE `precos_produtos` DISABLE KEYS */;
INSERT INTO `precos_produtos` VALUES (1,1,1.95,'2017-04-06 18:17:34'),(1,1,2.10,'2017-04-06 19:05:58'),(1,1,2.75,'2017-04-06 19:06:20'),(1,1,2.90,'2017-04-06 19:34:52'),(1,1,2.95,'2017-04-06 19:35:28'),(1,1,3.01,'2017-04-06 20:23:43'),(1,1,2.50,'2017-04-20 11:58:54'),(1,1,3.00,'2017-04-20 12:30:22'),(1,1,3.30,'2017-06-13 15:56:55'),(1,2,5.15,'2017-04-06 18:39:21'),(1,2,5.26,'2017-04-06 20:23:58'),(1,3,3.60,'2017-04-25 12:16:16'),(1,4,2.00,'2017-05-09 11:23:49'),(1,5,3.75,'2017-05-09 12:22:25'),(1,6,5.99,'2017-05-10 15:39:08'),(1,6,3.00,'2017-06-08 21:07:53'),(1,7,2.00,'2017-05-17 14:02:00'),(1,8,6.00,'2017-05-17 14:02:07'),(1,9,1.50,'2017-05-17 14:02:15'),(1,10,1.50,'2017-05-22 16:07:08'),(1,11,1.50,'2017-05-22 16:28:37'),(1,12,1.50,'2017-05-22 22:39:15'),(1,13,1.50,'2017-05-22 22:51:39'),(1,14,3.00,'2017-06-07 14:34:35'),(1,15,1.20,'2017-06-07 14:34:47'),(1,16,2.75,'2017-06-07 14:34:58'),(1,17,1.20,'2017-06-07 14:35:10'),(1,18,1.00,'2017-06-08 20:10:59'),(1,18,1.50,'2017-06-08 20:34:27'),(1,18,1.20,'2017-06-11 14:46:36'),(1,19,2.50,'2017-06-08 20:36:11'),(1,20,3.50,'2017-06-18 16:12:16'),(1,20,6.50,'2017-06-18 16:27:26'),(1,21,3.75,'2017-06-19 09:22:55'),(1,22,2.30,'2017-06-19 10:09:34'),(2,1,2.00,'2017-06-12 16:17:14'),(2,2,2.50,'2017-06-12 16:17:20'),(2,3,3.00,'2017-06-12 16:17:24'),(2,4,2.20,'2017-06-12 16:17:30'),(2,5,2.75,'2017-06-12 16:17:38'),(2,19,2.50,'2017-06-08 20:46:46');
/*!40000 ALTER TABLE `precos_produtos` ENABLE KEYS */;
UNLOCK TABLES;

--
-- Table structure for table `produtos`
--

DROP TABLE IF EXISTS `produtos`;
/*!40101 SET @saved_cs_client     = @@character_set_client */;
/*!40101 SET character_set_client = utf8 */;
CREATE TABLE `produtos` (
  `ID_Produto` int(11) NOT NULL AUTO_INCREMENT,
  `Descricao` varchar(60) NOT NULL,
  `Descricao_Reduzida` varchar(50) DEFAULT NULL,
  `Venda_Fracionada` tinyint(1) DEFAULT '0',
  `ID_Categoria` int(11) NOT NULL,
  `Imagem` blob,
  `Codigo_De_Barras` varchar(13) DEFAULT NULL,
  `Estocavel` tinyint(4) DEFAULT '1',
  PRIMARY KEY (`ID_Produto`),
  KEY `ID_Categoria` (`ID_Categoria`),
  CONSTRAINT `produtos_ibfk_1` FOREIGN KEY (`ID_Categoria`) REFERENCES `categorias_produtos` (`ID_Categoria`)
) ENGINE=InnoDB AUTO_INCREMENT=23 DEFAULT CHARSET=utf8;
/*!40101 SET character_set_client = @saved_cs_client */;

--
-- Dumping data for table `produtos`
--

LOCK TABLES `produtos` WRITE;
/*!40000 ALTER TABLE `produtos` DISABLE KEYS */;
INSERT INTO `produtos` VALUES (1,'Macarrão instantâneo Nissin Miojo','Mac. Inst. Nissin',0,1,NULL,'1739563847362',1),(2,'Detergente Ypê Maçã','Det. Ypê Maça',0,3,NULL,'1739563847351',1),(3,'Macarrão Parafuso Caravela','Mac. Par. Carav.',0,1,NULL,'6545353545',1),(4,'Detergente Veja Neutro','Det. Veja Neu.',0,3,NULL,'9017371928',1),(5,'Leite Integral Italac','Lei. Int. Ital.',0,2,NULL,'1223456789',1),(6,'Tomate Dona Luiza Kilo','Tom. Don. Lui.',1,1,NULL,'8917927391',1),(7,'Sabonete Hidratante Dove','Sab. Dove',0,4,NULL,'1872918922',1),(8,'Toalha de Rosto Fautus','Toa. de Ros. Fau.',0,4,NULL,'1312312321',1),(9,'Queijo Muzzarela Sadia','Que. Muzz. Sad.',0,1,NULL,'9876433546',1),(10,'Pimenta Lit','Pim. Lit',0,5,NULL,'6546678644',1),(11,'Cerveja Skol Lata','Cerv. Skol Lat.',0,2,NULL,'3761567287',1),(12,'Veja Limpa Vidros','Vej. Lim. Vid.',0,3,NULL,'1661825861',1),(13,'Cebola Dona Luiza','Ceb. Don. Lui.',0,1,NULL,'1289719723',1),(14,'Presunto Ceara','Pres. Ceara',0,1,NULL,'1093890819',1),(15,'Canela San Lorenzo','Can. San. Lor.',0,5,NULL,'1923797182',1),(16,'Batata Suiça','Bat. Sui.',1,1,NULL,'1298371928',1),(17,'Pão Françes Caseiro','Pão Fran. Cas.',0,1,NULL,'8677565656',1),(18,'Queijo Prato Sadia','Que. Pra. Sad.',0,1,NULL,'0128819289',1),(19,'Suco de Uva Maguary','Suc. Uva Mag.',0,2,NULL,'1462464443',1),(20,'Papel Higiênico Neve Pacote 6 UN','Pap. Hig. Neve',0,4,NULL,'3187918279',1),(21,'Dolly Guaraná 2 litros','Dolly Gua. 2lts',0,2,NULL,'3213213213123',1),(22,'Dolly Laranja 2 Litros','Dolly Lar. 2lts',0,2,NULL,'6676565656444',1);
/*!40000 ALTER TABLE `produtos` ENABLE KEYS */;
UNLOCK TABLES;

--
-- Table structure for table `produtos_retirados`
--

DROP TABLE IF EXISTS `produtos_retirados`;
/*!40101 SET @saved_cs_client     = @@character_set_client */;
/*!40101 SET character_set_client = utf8 */;
CREATE TABLE `produtos_retirados` (
  `ID_Retirada` int(11) NOT NULL AUTO_INCREMENT,
  `ID_Produto` int(11) NOT NULL,
  `Data` datetime NOT NULL,
  `ID_Sessao` int(11) NOT NULL,
  `ID_Motivo` int(11) NOT NULL,
  `Observacao` varchar(255) DEFAULT NULL,
  `Quantidade` decimal(9,4) DEFAULT NULL,
  PRIMARY KEY (`ID_Retirada`),
  KEY `ID_Produto` (`ID_Produto`),
  KEY `ID_Sessao` (`ID_Sessao`),
  KEY `ID_Motivo` (`ID_Motivo`),
  CONSTRAINT `produtos_retirados_ibfk_1` FOREIGN KEY (`ID_Produto`) REFERENCES `produtos` (`ID_Produto`),
  CONSTRAINT `produtos_retirados_ibfk_2` FOREIGN KEY (`ID_Sessao`) REFERENCES `sessoes` (`ID_Sessao`),
  CONSTRAINT `produtos_retirados_ibfk_3` FOREIGN KEY (`ID_Motivo`) REFERENCES `motivos_produtos_retirados` (`ID_Motivo`)
) ENGINE=InnoDB AUTO_INCREMENT=28 DEFAULT CHARSET=utf8;
/*!40101 SET character_set_client = @saved_cs_client */;

--
-- Dumping data for table `produtos_retirados`
--

LOCK TABLES `produtos_retirados` WRITE;
/*!40000 ALTER TABLE `produtos_retirados` DISABLE KEYS */;
INSERT INTO `produtos_retirados` VALUES (1,6,'2017-05-17 14:16:03',144,1,'',5.0000),(2,2,'2017-05-17 14:16:13',144,2,'',3.0000),(3,9,'2017-05-17 14:16:29',144,1,'',10.0000),(4,3,'2017-05-17 14:18:12',98,1,'',2.0000),(5,5,'2017-05-17 14:18:23',98,2,'',8.0000),(6,6,'2017-05-24 22:58:36',191,1,'',5.0000),(7,6,'2017-05-27 17:22:37',198,2,'Embalagem Corrompida',3.0000),(8,10,'2017-06-07 14:43:54',221,2,'',20.0000),(9,6,'2017-06-08 20:37:11',225,1,'',50.0000),(10,9,'2017-06-08 21:08:53',230,1,'',5.0000),(11,7,'2017-06-08 21:09:06',230,2,'',3.0000),(12,16,'2017-06-08 21:09:20',230,2,'',4.0000),(13,18,'2017-06-08 21:09:37',230,2,'',4.0000),(14,18,'2017-06-08 21:09:53',230,1,'',2.0000),(15,13,'2017-06-09 20:34:30',267,1,'',5.0000),(16,6,'2017-06-10 14:24:29',270,2,'',20.0000),(17,16,'2017-06-10 20:35:22',272,1,'',15.0000),(18,11,'2017-06-10 20:35:44',272,2,'',10.0000),(19,20,'2017-06-18 22:30:09',438,2,'',30.0000),(20,19,'2017-06-18 22:30:17',438,1,'',5.0000),(21,18,'2017-06-18 22:30:23',438,1,'',10.0000),(22,20,'2017-06-18 22:30:44',438,2,'',30.0000),(23,20,'2017-06-18 22:30:54',438,2,'',35.0000),(24,19,'2017-06-18 22:31:11',438,1,'',10.0000),(25,19,'2017-06-18 22:31:20',438,2,'',20.0000),(26,21,'2017-06-19 09:26:00',445,2,'',1.0000),(27,22,'2017-06-19 10:11:42',449,2,'Quebrou',2.0000);
/*!40000 ALTER TABLE `produtos_retirados` ENABLE KEYS */;
UNLOCK TABLES;

--
-- Table structure for table `sessoes`
--

DROP TABLE IF EXISTS `sessoes`;
/*!40101 SET @saved_cs_client     = @@character_set_client */;
/*!40101 SET character_set_client = utf8 */;
CREATE TABLE `sessoes` (
  `ID_Sessao` int(11) NOT NULL AUTO_INCREMENT,
  `ID_Usuario` int(11) NOT NULL,
  `Inicio_Sessao` datetime NOT NULL,
  `Fim_Sessao` datetime DEFAULT NULL,
  PRIMARY KEY (`ID_Sessao`),
  KEY `ID_Usuario` (`ID_Usuario`),
  CONSTRAINT `sessoes_ibfk_1` FOREIGN KEY (`ID_Usuario`) REFERENCES `usuarios` (`ID_Usuario`)
) ENGINE=InnoDB AUTO_INCREMENT=451 DEFAULT CHARSET=utf8;
/*!40101 SET character_set_client = @saved_cs_client */;

--
-- Dumping data for table `sessoes`
--

LOCK TABLES `sessoes` WRITE;
/*!40000 ALTER TABLE `sessoes` DISABLE KEYS */;
INSERT INTO `sessoes` VALUES (96,1,'2017-05-10 13:38:26','2017-05-10 14:49:20'),(97,10,'2017-05-10 14:01:38','2017-05-10 14:49:58'),(98,11,'2017-05-10 14:38:12','2017-05-17 14:18:28'),(99,3,'2017-05-10 14:38:25','2017-05-24 15:49:50'),(100,1,'2017-05-10 14:49:39','2017-05-10 14:49:47'),(101,1,'2017-05-10 14:52:48','2017-05-10 14:54:53'),(102,10,'2017-05-10 14:53:12','2017-05-24 15:50:12'),(103,1,'2017-05-10 14:58:29','2017-05-10 15:20:31'),(105,1,'2017-05-10 15:18:22','2017-05-16 14:00:01'),(106,1,'2017-05-16 14:02:48','2017-05-16 14:05:40'),(107,1,'2017-05-16 14:06:31','2017-05-16 14:30:15'),(108,1,'2017-05-16 14:51:15','2017-05-16 14:52:52'),(109,1,'2017-05-16 15:10:25','2017-05-16 21:34:21'),(110,1,'2017-05-16 21:43:27','2017-05-16 21:59:49'),(111,4,'2017-05-16 21:47:59','2017-05-16 21:48:50'),(112,1,'2017-05-16 22:00:01','2017-05-17 10:37:49'),(113,12,'2017-05-17 10:37:58','2017-05-17 10:38:07'),(114,13,'2017-05-17 10:38:14','2017-05-17 10:43:15'),(115,1,'2017-05-17 11:36:14','2017-05-17 11:36:24'),(116,1,'2017-05-17 11:38:39','2017-05-17 11:38:46'),(117,1,'2017-05-17 11:40:22','2017-05-17 11:40:28'),(118,1,'2017-05-17 11:44:18','2017-05-17 11:44:24'),(119,1,'2017-05-17 11:48:52','2017-05-17 11:51:58'),(120,1,'2017-05-17 11:52:09','2017-05-17 11:52:30'),(121,1,'2017-05-17 11:52:55','2017-05-17 11:53:39'),(122,1,'2017-05-17 11:55:51','2017-05-17 11:55:59'),(123,13,'2017-05-17 11:56:08','2017-05-17 11:56:29'),(124,12,'2017-05-17 11:56:42','2017-05-17 11:57:05'),(125,1,'2017-05-17 12:13:20','2017-05-17 12:16:11'),(126,1,'2017-05-17 12:18:33','2017-05-17 12:22:57'),(127,1,'2017-05-17 12:23:42','2017-05-17 12:24:03'),(128,1,'2017-05-17 12:24:19','2017-05-17 12:24:46'),(129,1,'2017-05-17 12:26:10','2017-05-17 12:27:47'),(130,12,'2017-05-17 12:27:55','2017-05-17 12:29:46'),(131,1,'2017-05-17 12:32:11','2017-05-17 12:44:13'),(132,1,'2017-05-17 12:44:21','2017-05-17 12:49:29'),(133,1,'2017-05-17 12:51:47','2017-05-17 12:52:18'),(134,1,'2017-05-17 12:55:00','2017-05-17 12:59:52'),(135,1,'2017-05-17 13:14:38','2017-05-17 13:15:19'),(136,1,'2017-05-17 13:17:53','2017-05-17 13:18:44'),(137,1,'2017-05-17 13:19:19','2017-05-17 13:19:57'),(138,1,'2017-05-17 13:24:38','2017-05-17 13:37:11'),(139,1,'2017-05-17 13:46:36','2017-05-17 13:47:24'),(140,1,'2017-05-17 13:49:10','2017-05-17 13:49:48'),(141,1,'2017-05-17 13:49:55','2017-05-17 13:52:36'),(142,1,'2017-05-17 13:55:00','2017-05-17 13:56:05'),(143,1,'2017-05-17 13:59:54','2017-05-17 14:05:05'),(144,1,'2017-05-17 14:15:07','2017-05-17 14:16:33'),(145,1,'2017-05-17 14:30:27','2017-05-17 14:31:02'),(146,1,'2017-05-17 14:34:27','2017-05-17 14:34:45'),(147,1,'2017-05-17 14:36:27','2017-05-17 14:37:28'),(148,1,'2017-05-17 14:57:26','2017-05-17 14:57:37'),(149,1,'2017-05-17 14:57:51','2017-05-17 14:58:26'),(150,11,'2017-05-17 15:05:28','2017-05-17 15:09:10'),(151,1,'2017-05-18 10:54:37','2017-05-18 10:55:04'),(152,1,'2017-05-18 11:24:29','2017-05-18 11:27:33'),(153,1,'2017-05-18 11:27:53','2017-05-18 11:28:22'),(154,1,'2017-05-18 11:28:56','2017-05-18 11:52:11'),(155,1,'2017-05-18 11:52:21','2017-05-18 11:52:50'),(156,1,'2017-05-18 11:53:36','2017-05-18 11:55:36'),(157,1,'2017-05-18 12:07:29','2017-05-18 12:07:42'),(158,1,'2017-05-18 12:15:57','2017-05-18 12:18:11'),(159,12,'2017-05-18 12:20:58','2017-05-18 12:21:19'),(160,13,'2017-05-18 12:21:49','2017-05-18 12:21:58'),(161,1,'2017-05-18 12:22:04','2017-05-18 12:22:26'),(162,1,'2017-05-18 12:22:33','2017-05-18 12:29:28'),(163,12,'2017-05-18 12:29:56','2017-05-24 15:21:40'),(164,1,'2017-05-18 13:00:51','2017-05-18 13:09:57'),(165,1,'2017-05-18 13:10:54','2017-05-18 13:11:10'),(166,1,'2017-05-18 13:19:26','2017-05-18 13:20:38'),(167,1,'2017-05-21 21:21:29','2017-05-21 21:22:37'),(168,1,'2017-05-22 16:05:17','2017-05-22 16:08:22'),(169,1,'2017-05-22 16:11:20','2017-05-22 16:11:52'),(170,1,'2017-05-22 16:27:37','2017-05-22 16:29:49'),(171,1,'2017-05-22 16:32:45','2017-05-22 16:33:18'),(172,1,'2017-05-22 16:42:24','2017-05-22 16:42:59'),(173,1,'2017-05-22 21:17:48','2017-05-22 21:18:15'),(174,1,'2017-05-22 21:18:25','2017-05-22 21:19:38'),(175,1,'2017-05-22 21:19:46','2017-05-22 21:20:13'),(176,1,'2017-05-22 21:20:20','2017-05-22 21:20:48'),(177,1,'2017-05-22 22:38:15','2017-05-22 22:39:59'),(178,1,'2017-05-22 22:50:53','2017-05-22 22:52:10'),(179,1,'2017-05-23 21:27:47','2017-05-23 21:28:19'),(180,1,'2017-05-23 21:43:54','2017-05-23 21:44:42'),(181,11,'2017-05-23 22:01:12','2017-05-23 22:03:23'),(182,1,'2017-05-24 15:21:47','2017-05-24 15:22:35'),(183,1,'2017-05-24 15:24:18','2017-05-24 15:25:05'),(184,1,'2017-05-24 16:43:51','2017-05-24 16:45:00'),(185,14,'2017-05-24 16:45:07','2017-05-24 16:45:54'),(186,14,'2017-05-24 16:47:34','2017-05-24 16:48:03'),(187,13,'2017-05-24 21:02:46','2017-05-24 21:03:24'),(188,3,'2017-05-24 21:04:24','2017-05-24 21:04:28'),(189,12,'2017-05-24 21:13:22','2017-05-24 21:13:25'),(190,4,'2017-05-24 21:13:36','2017-05-24 21:13:38'),(191,13,'2017-05-24 22:58:16','2017-05-24 22:58:40'),(192,1,'2017-05-25 00:19:28','2017-05-25 00:23:16'),(193,1,'2017-05-25 13:44:06','2017-05-25 13:44:13'),(194,1,'2017-05-25 16:34:04','2017-05-25 16:34:41'),(195,12,'2017-05-27 15:12:33','2017-05-27 15:15:05'),(196,12,'2017-05-27 15:53:16','2017-05-27 15:53:53'),(197,12,'2017-05-27 16:02:34','2017-05-27 16:03:44'),(198,13,'2017-05-27 17:21:56','2017-05-27 17:22:41'),(199,1,'2017-05-28 18:47:31','2017-05-28 18:48:32'),(200,1,'2017-05-28 19:03:10','2017-05-28 19:06:33'),(201,1,'2017-05-28 19:44:31','2017-05-28 19:45:27'),(202,1,'2017-05-28 19:45:49','2017-05-28 19:46:37'),(203,1,'2017-05-28 21:20:34','2017-05-28 21:22:25'),(204,1,'2017-05-28 21:23:32','2017-05-28 21:40:49'),(205,1,'2017-05-28 21:50:56','2017-05-28 21:51:14'),(206,1,'2017-05-29 14:59:25','2017-05-29 15:01:09'),(207,1,'2017-05-29 16:09:41','2017-05-29 16:09:57'),(208,1,'2017-05-31 10:16:03','2017-05-31 10:23:08'),(209,10,'2017-05-31 10:32:54','2017-05-31 10:37:38'),(210,10,'2017-05-31 10:37:54','2017-05-31 10:42:14'),(211,10,'2017-05-31 10:50:43','2017-05-31 10:53:55'),(212,10,'2017-05-31 11:10:04','2017-05-31 11:10:27'),(213,10,'2017-05-31 11:11:47','2017-05-31 11:12:08'),(214,4,'2017-05-31 11:14:58','2017-05-31 11:19:09'),(215,1,'2017-05-31 11:19:16','2017-05-31 11:19:46'),(216,4,'2017-05-31 11:40:10','2017-05-31 11:40:59'),(217,4,'2017-05-31 11:43:01','2017-05-31 12:02:09'),(218,1,'2017-06-05 13:38:49','2017-06-05 13:40:28'),(219,1,'2017-06-05 13:40:46','2017-06-05 13:41:19'),(220,12,'2017-06-07 14:28:34','2017-06-07 14:32:21'),(221,13,'2017-06-07 14:34:19','2017-06-07 14:44:08'),(222,12,'2017-06-07 14:48:12','2017-06-07 14:50:41'),(223,11,'2017-06-07 14:52:07','2017-06-07 14:54:29'),(224,10,'2017-06-08 20:04:37','2017-06-08 20:16:44'),(225,10,'2017-06-08 20:32:34','2017-06-08 20:37:19'),(226,2,'2017-06-08 20:40:50','2017-06-08 20:48:21'),(227,4,'2017-06-08 20:49:05','2017-06-08 20:50:45'),(228,4,'2017-06-08 21:02:35','2017-06-08 21:03:36'),(229,10,'2017-06-08 21:03:44','2017-06-08 21:04:02'),(230,10,'2017-06-08 21:07:10','2017-06-08 21:10:03'),(231,12,'2017-06-08 21:10:11','2017-06-08 21:15:01'),(232,10,'2017-06-08 21:30:43','2017-06-08 21:32:04'),(233,4,'2017-06-09 15:28:49','2017-06-09 15:29:15'),(234,1,'2017-06-09 15:38:08','2017-06-09 15:39:10'),(235,1,'2017-06-09 15:39:59','2017-06-09 15:40:20'),(236,1,'2017-06-09 15:41:11','2017-06-09 15:41:39'),(237,1,'2017-06-09 15:43:21','2017-06-09 15:44:19'),(238,1,'2017-06-09 15:45:42','2017-06-09 15:46:01'),(239,1,'2017-06-09 15:47:21','2017-06-09 15:47:44'),(240,1,'2017-06-09 15:48:46','2017-06-09 15:49:20'),(241,1,'2017-06-09 15:51:26','2017-06-09 15:52:40'),(242,1,'2017-06-09 15:53:47','2017-06-09 15:55:00'),(243,1,'2017-06-09 15:59:47','2017-06-09 16:01:28'),(244,1,'2017-06-09 16:02:27','2017-06-09 16:02:43'),(245,1,'2017-06-09 16:04:14','2017-06-09 16:04:49'),(246,1,'2017-06-09 16:23:12','2017-06-09 16:23:25'),(247,1,'2017-06-09 16:25:04','2017-06-09 16:25:21'),(248,1,'2017-06-09 16:26:01','2017-06-09 16:26:11'),(249,1,'2017-06-09 16:28:59','2017-06-09 16:29:24'),(250,1,'2017-06-09 16:30:07','2017-06-09 16:31:12'),(251,4,'2017-06-09 16:37:52','2017-06-09 16:39:02'),(252,1,'2017-06-09 16:40:51','2017-06-09 16:41:29'),(253,1,'2017-06-09 16:41:41','2017-06-09 16:42:00'),(254,1,'2017-06-09 16:45:40','2017-06-09 16:46:02'),(255,1,'2017-06-09 16:48:16','2017-06-09 16:48:27'),(256,1,'2017-06-09 16:49:59','2017-06-09 16:50:10'),(257,1,'2017-06-09 16:50:53','2017-06-09 16:52:53'),(258,1,'2017-06-09 16:54:02','2017-06-09 16:55:08'),(259,1,'2017-06-09 16:56:47','2017-06-09 16:57:08'),(260,1,'2017-06-09 16:57:44','2017-06-09 16:58:19'),(261,1,'2017-06-09 16:59:16','2017-06-09 16:59:26'),(262,1,'2017-06-09 17:00:20','2017-06-09 17:00:32'),(263,1,'2017-06-09 17:01:33','2017-06-09 17:01:47'),(264,1,'2017-06-09 17:02:55','2017-06-09 17:03:16'),(265,1,'2017-06-09 17:06:14','2017-06-09 17:06:39'),(266,1,'2017-06-09 17:07:15','2017-06-09 17:07:47'),(267,4,'2017-06-09 20:31:38','2017-06-09 20:34:38'),(268,1,'2017-06-10 13:37:09','2017-06-10 13:37:43'),(269,1,'2017-06-10 14:23:54','2017-06-10 14:23:58'),(270,4,'2017-06-10 14:24:02','2017-06-10 14:24:33'),(271,4,'2017-06-10 15:49:33','2017-06-10 15:49:59'),(272,13,'2017-06-10 20:34:29','2017-06-10 20:36:44'),(273,12,'2017-06-10 20:37:13','2017-06-10 20:40:41'),(274,15,'2017-06-10 20:41:21','2017-06-10 20:41:51'),(275,1,'2017-06-10 20:42:13','2017-06-10 20:42:57'),(276,5,'2017-06-10 20:43:03','2017-06-10 20:47:07'),(277,5,'2017-06-10 20:54:19','2017-06-10 20:56:34'),(278,1,'2017-06-10 20:57:40','2017-06-10 20:59:27'),(279,14,'2017-06-11 14:38:52','2017-06-11 14:38:58'),(280,5,'2017-06-11 14:39:27','2017-06-11 14:43:37'),(281,1,'2017-06-11 14:44:58','2017-06-11 14:48:31'),(282,14,'2017-06-11 14:48:42','2017-06-11 14:50:12'),(283,1,'2017-06-11 15:13:52','2017-06-11 15:15:21'),(284,1,'2017-06-11 17:06:38','2017-06-11 17:07:52'),(285,1,'2017-06-11 17:08:28','2017-06-11 17:08:51'),(286,1,'2017-06-11 17:09:13','2017-06-11 17:09:23'),(287,1,'2017-06-11 17:09:55','2017-06-11 17:09:59'),(288,15,'2017-06-12 16:16:15','2017-06-12 16:16:38'),(289,2,'2017-06-12 16:17:01','2017-06-12 16:19:03'),(290,2,'2017-06-12 16:19:39','2017-06-12 16:20:42'),(291,11,'2017-06-12 16:23:19','2017-06-12 16:24:23'),(292,1,'2017-06-12 19:40:42','2017-06-12 19:41:15'),(293,1,'2017-06-12 19:44:39','2017-06-12 19:45:21'),(294,1,'2017-06-12 19:46:47','2017-06-12 19:47:06'),(295,1,'2017-06-12 19:48:00','2017-06-12 19:48:44'),(296,1,'2017-06-12 19:49:08','2017-06-12 19:49:28'),(297,1,'2017-06-12 19:49:48','2017-06-12 19:51:05'),(298,1,'2017-06-12 19:52:23','2017-06-12 19:53:15'),(299,1,'2017-06-12 19:57:11','2017-06-12 19:57:25'),(300,1,'2017-06-12 20:01:14','2017-06-12 20:02:31'),(301,1,'2017-06-12 20:04:18','2017-06-12 20:06:15'),(302,1,'2017-06-12 20:08:01','2017-06-12 20:08:09'),(303,1,'2017-06-12 20:10:11','2017-06-12 20:10:52'),(304,1,'2017-06-12 21:01:17','2017-06-12 21:01:21'),(305,1,'2017-06-12 21:07:33','2017-06-12 21:08:19'),(306,1,'2017-06-12 21:08:33','2017-06-12 21:11:22'),(307,1,'2017-06-12 21:12:12','2017-06-12 21:12:53'),(308,1,'2017-06-12 21:17:23','2017-06-12 21:17:46'),(309,1,'2017-06-12 21:20:39','2017-06-12 21:23:48'),(310,1,'2017-06-12 21:24:00','2017-06-12 21:24:40'),(311,1,'2017-06-12 21:26:21','2017-06-12 21:26:29'),(312,1,'2017-06-12 21:27:18','2017-06-12 21:27:33'),(313,1,'2017-06-12 21:28:50','2017-06-12 21:29:38'),(314,1,'2017-06-12 21:29:59','2017-06-12 21:30:19'),(315,1,'2017-06-12 21:30:48','2017-06-12 21:30:56'),(316,1,'2017-06-12 21:32:47','2017-06-12 21:32:59'),(317,1,'2017-06-12 21:35:13','2017-06-12 21:37:37'),(318,1,'2017-06-12 21:40:00','2017-06-12 21:40:45'),(319,1,'2017-06-12 21:45:34','2017-06-12 21:45:50'),(320,1,'2017-06-12 21:46:38','2017-06-12 21:46:44'),(321,1,'2017-06-12 22:02:43','2017-06-12 22:02:52'),(322,1,'2017-06-12 22:07:41','2017-06-12 22:07:49'),(323,1,'2017-06-13 00:17:11','2017-06-13 00:17:21'),(324,1,'2017-06-13 00:17:53','2017-06-13 00:18:03'),(325,1,'2017-06-13 00:18:10','2017-06-13 00:18:20'),(326,1,'2017-06-13 00:19:46','2017-06-13 00:19:51'),(327,1,'2017-06-13 00:20:13','2017-06-13 00:20:26'),(328,1,'2017-06-13 00:22:49','2017-06-13 00:23:32'),(329,1,'2017-06-13 00:24:10','2017-06-13 00:29:02'),(330,1,'2017-06-13 01:01:12','2017-06-13 01:01:42'),(331,1,'2017-06-13 01:38:18','2017-06-13 01:38:43'),(332,1,'2017-06-13 01:40:32','2017-06-13 01:40:40'),(333,1,'2017-06-13 01:43:18','2017-06-13 01:43:36'),(334,1,'2017-06-13 01:46:13','2017-06-13 01:46:49'),(335,1,'2017-06-13 01:47:15','2017-06-13 01:47:22'),(336,1,'2017-06-13 01:47:38','2017-06-13 01:47:59'),(337,1,'2017-06-13 01:48:37','2017-06-13 01:48:42'),(338,1,'2017-06-13 01:49:09','2017-06-13 01:49:14'),(339,1,'2017-06-13 01:50:09','2017-06-13 01:50:16'),(340,1,'2017-06-13 01:51:05','2017-06-13 01:51:22'),(341,1,'2017-06-13 01:51:49','2017-06-13 01:51:54'),(342,1,'2017-06-13 01:52:24','2017-06-13 01:52:29'),(343,1,'2017-06-13 01:52:43','2017-06-13 01:53:02'),(344,1,'2017-06-13 01:53:53','2017-06-13 01:54:07'),(345,1,'2017-06-13 01:58:26','2017-06-13 01:58:36'),(346,1,'2017-06-13 01:59:37','2017-06-13 02:00:32'),(347,1,'2017-06-13 02:04:48','2017-06-13 02:04:53'),(348,1,'2017-06-13 02:06:21','2017-06-13 02:06:32'),(349,1,'2017-06-13 02:14:49','2017-06-13 02:15:00'),(350,1,'2017-06-13 02:15:18','2017-06-13 02:15:25'),(351,1,'2017-06-13 02:17:07','2017-06-13 02:17:19'),(352,1,'2017-06-13 02:18:17','2017-06-13 02:18:25'),(353,1,'2017-06-13 02:20:05','2017-06-13 02:20:14'),(354,1,'2017-06-13 02:22:01','2017-06-13 02:22:13'),(355,1,'2017-06-13 02:24:16','2017-06-13 02:24:23'),(356,1,'2017-06-13 02:27:03','2017-06-13 02:27:44'),(357,1,'2017-06-13 02:42:09','2017-06-13 02:43:09'),(358,1,'2017-06-13 02:44:07','2017-06-13 02:45:34'),(359,1,'2017-06-13 02:56:25','2017-06-13 02:57:20'),(360,1,'2017-06-13 15:03:33','2017-06-13 15:05:08'),(361,2,'2017-06-13 15:05:17','2017-06-13 15:05:35'),(362,2,'2017-06-13 15:06:03','2017-06-13 15:06:51'),(363,1,'2017-06-13 15:06:59','2017-06-13 15:11:16'),(364,15,'2017-06-13 15:12:51','2017-06-13 15:14:15'),(365,2,'2017-06-13 15:14:21','2017-06-13 15:15:04'),(366,1,'2017-06-13 15:21:32','2017-06-13 15:23:12'),(367,1,'2017-06-13 15:26:43','2017-06-13 15:29:34'),(368,2,'2017-06-13 15:29:45','2017-06-13 15:34:18'),(369,1,'2017-06-13 15:34:24','2017-06-13 15:37:14'),(370,1,'2017-06-13 15:39:23','2017-06-13 15:47:34'),(371,1,'2017-06-13 15:47:39','2017-06-13 15:47:53'),(372,1,'2017-06-13 15:48:32','2017-06-13 15:48:48'),(373,1,'2017-06-13 15:49:34','2017-06-13 15:49:47'),(374,1,'2017-06-13 15:51:59','2017-06-13 15:52:17'),(375,1,'2017-06-13 15:55:14','2017-06-13 15:57:26'),(376,1,'2017-06-13 16:02:01','2017-06-13 16:04:14'),(377,1,'2017-06-13 16:09:58','2017-06-13 16:10:02'),(378,2,'2017-06-13 16:10:09','2017-06-13 16:11:10'),(379,1,'2017-06-13 16:22:12','2017-06-13 16:22:20'),(380,2,'2017-06-13 16:22:27','2017-06-13 16:22:49'),(381,1,'2017-06-13 20:10:29','2017-06-13 20:10:32'),(382,1,'2017-06-13 20:17:44','2017-06-13 20:17:52'),(383,1,'2017-06-13 20:18:03','2017-06-13 20:18:09'),(384,1,'2017-06-13 20:18:28','2017-06-13 20:18:54'),(385,1,'2017-06-13 20:19:44','2017-06-13 20:20:35'),(386,1,'2017-06-13 20:23:18','2017-06-13 20:23:31'),(387,1,'2017-06-13 20:24:43','2017-06-13 20:25:18'),(388,1,'2017-06-13 20:25:33','2017-06-13 20:28:03'),(389,1,'2017-06-13 20:28:59','2017-06-13 20:29:11'),(390,1,'2017-06-13 20:29:23','2017-06-13 20:29:59'),(391,1,'2017-06-13 20:38:05','2017-06-13 21:00:43'),(392,1,'2017-06-13 22:01:50','2017-06-13 22:02:32'),(393,1,'2017-06-13 22:06:48','2017-06-16 19:40:23'),(394,1,'2017-06-16 19:41:25','2017-06-16 19:41:54'),(395,1,'2017-06-16 19:42:15','2017-06-16 19:49:59'),(396,1,'2017-06-16 19:52:57','2017-06-16 19:55:21'),(397,11,'2017-06-16 19:58:00','2017-06-16 19:58:10'),(398,1,'2017-06-16 19:58:32','2017-06-16 19:58:40'),(399,1,'2017-06-16 20:00:47','2017-06-16 20:01:33'),(400,1,'2017-06-16 20:01:48','2017-06-16 20:02:50'),(401,1,'2017-06-16 20:05:14','2017-06-16 20:05:28'),(402,1,'2017-06-16 20:05:39','2017-06-16 20:05:47'),(403,1,'2017-06-16 20:06:52','2017-06-16 20:08:05'),(404,12,'2017-06-16 20:08:16','2017-06-16 20:11:45'),(405,1,'2017-06-16 20:10:34','2017-06-16 20:10:52'),(406,4,'2017-06-16 20:12:22','2017-06-16 20:13:22'),(407,1,'2017-06-17 13:49:17','2017-06-17 14:06:42'),(408,1,'2017-06-17 19:12:04','2017-06-17 19:20:50'),(409,1,'2017-06-17 19:21:16','2017-06-17 19:30:08'),(410,4,'2017-06-17 19:34:34','2017-06-17 19:42:26'),(411,4,'2017-06-17 19:47:11','2017-06-17 19:50:28'),(412,4,'2017-06-17 20:01:45','2017-06-17 20:01:59'),(413,4,'2017-06-17 20:05:39','2017-06-17 20:06:41'),(414,4,'2017-06-18 14:36:46','2017-06-18 14:46:20'),(415,4,'2017-06-18 14:47:25','2017-06-18 14:53:29'),(416,4,'2017-06-18 15:13:14','2017-06-18 15:17:14'),(417,4,'2017-06-18 15:21:53','2017-06-18 15:22:02'),(418,4,'2017-06-18 15:22:22','2017-06-18 15:22:41'),(419,4,'2017-06-18 15:24:23','2017-06-18 15:24:37'),(420,4,'2017-06-18 15:26:30','2017-06-18 15:26:57'),(421,4,'2017-06-18 15:59:13','2017-06-18 16:00:12'),(422,4,'2017-06-18 16:09:22','2017-06-18 16:28:53'),(423,4,'2017-06-18 16:32:49','2017-06-18 16:33:43'),(424,4,'2017-06-18 16:34:18','2017-06-18 16:34:45'),(425,4,'2017-06-18 16:35:25','2017-06-18 16:36:08'),(426,4,'2017-06-18 16:36:38','2017-06-18 16:39:46'),(427,4,'2017-06-18 16:40:36','2017-06-18 16:40:56'),(428,4,'2017-06-18 16:41:49','2017-06-18 16:42:00'),(429,4,'2017-06-18 16:43:43','2017-06-18 16:48:03'),(430,4,'2017-06-18 16:50:20','2017-06-18 16:50:53'),(431,4,'2017-06-18 19:58:03','2017-06-18 19:58:16'),(432,4,'2017-06-18 20:29:31','2017-06-18 20:41:13'),(433,1,'2017-06-18 20:43:40','2017-06-18 21:42:01'),(434,4,'2017-06-18 21:49:51','2017-06-18 21:50:15'),(435,12,'2017-06-18 22:05:35','2017-06-18 22:31:54'),(436,1,'2017-06-18 22:05:54','2017-06-18 22:06:08'),(437,5,'2017-06-18 22:06:17','2017-06-18 22:32:04'),(438,1,'2017-06-18 22:07:53','2017-06-18 22:38:30'),(439,5,'2017-06-19 08:36:58',NULL),(440,1,'2017-06-19 08:40:44','2017-06-19 08:40:54'),(441,13,'2017-06-19 08:41:09',NULL),(442,1,'2017-06-19 08:43:09','2017-06-19 08:49:03'),(443,1,'2017-06-19 09:15:06','2017-06-19 09:18:23'),(444,1,'2017-06-19 09:18:30','2017-06-19 09:18:56'),(445,11,'2017-06-19 09:19:09','2017-06-19 09:36:39'),(446,16,'2017-06-19 09:55:08','2017-06-19 09:55:15'),(447,16,'2017-06-19 09:55:22','2017-06-19 09:55:27'),(448,16,'2017-06-19 10:05:03','2017-06-19 10:08:01'),(449,11,'2017-06-19 10:08:09','2017-06-19 11:12:36'),(450,1,'2017-06-20 18:38:22',NULL);
/*!40000 ALTER TABLE `sessoes` ENABLE KEYS */;
UNLOCK TABLES;

--
-- Table structure for table `sessoes_caixas`
--

DROP TABLE IF EXISTS `sessoes_caixas`;
/*!40101 SET @saved_cs_client     = @@character_set_client */;
/*!40101 SET character_set_client = utf8 */;
CREATE TABLE `sessoes_caixas` (
  `ID_Sessao` int(11) NOT NULL,
  `Valor_Inicial_Caixa` decimal(6,2) NOT NULL,
  `Valor_Fechamento` decimal(10,2) DEFAULT NULL,
  `numero_caixa` int(11) DEFAULT NULL,
  PRIMARY KEY (`ID_Sessao`),
  KEY `numero_caixa` (`numero_caixa`),
  CONSTRAINT `sessoes_caixas_ibfk_1` FOREIGN KEY (`ID_Sessao`) REFERENCES `sessoes` (`ID_Sessao`),
  CONSTRAINT `sessoes_caixas_ibfk_2` FOREIGN KEY (`numero_caixa`) REFERENCES `caixas` (`Numero_Caixa`)
) ENGINE=InnoDB DEFAULT CHARSET=utf8;
/*!40101 SET character_set_client = @saved_cs_client */;

--
-- Dumping data for table `sessoes_caixas`
--

LOCK TABLES `sessoes_caixas` WRITE;
/*!40000 ALTER TABLE `sessoes_caixas` DISABLE KEYS */;
INSERT INTO `sessoes_caixas` VALUES (102,40.00,40.00,2),(103,50.00,113.00,1),(105,100.00,160.73,3),(106,100.00,112.74,4),(107,100.00,108.99,4),(109,100.00,106.00,4),(110,100.00,106.00,5),(111,100.00,106.00,5),(120,100.00,100.00,5),(129,100.00,103.00,5),(130,100.00,100.00,5),(131,111.00,111.00,5),(132,100.00,122.49,5),(133,11.00,14.00,5),(134,0.00,36.00,5),(135,10.00,13.00,5),(136,10.00,13.00,5),(137,1.00,4.00,5),(138,0.00,3.00,5),(139,100.00,112.74,5),(141,10.00,33.60,5),(142,10.00,29.85,5),(143,100.00,139.85,5),(163,100.00,103.00,5),(164,45.00,58.52,6),(166,1.00,4.00,6),(167,100.00,101.50,6),(168,100.00,112.00,6),(170,10.00,22.00,6),(171,10.00,11.50,6),(177,1.00,13.00,6),(178,10.00,11.50,6),(181,100.00,106.00,7),(185,100.00,105.99,2),(186,4.00,10.00,5),(192,100.00,106.75,2),(195,29.00,73.86,7),(196,50.00,70.12,5),(197,100.00,108.26,2),(206,50.00,101.25,2),(208,100.00,122.84,2),(209,50.00,76.11,2),(210,50.00,80.86,2),(211,50.00,80.86,2),(212,10.00,10.00,2),(213,122.00,122.00,2),(214,122.00,122.00,2),(215,50.00,50.00,2),(216,22.00,27.26,2),(217,555.00,567.00,6),(220,100.00,242.84,2),(222,100.00,178.23,6),(223,50.00,122.07,5),(224,199.00,199.00,7),(226,200.00,210.00,1),(227,50.00,62.50,5),(228,55.00,67.50,1),(231,78.00,166.16,1),(232,67.00,67.00,1),(267,50.00,108.20,1),(273,50.00,156.70,2),(274,70.00,70.00,1),(276,75.00,295.92,1),(277,55.00,184.50,2),(280,100.00,252.11,1),(288,50.00,50.00,3),(290,100.00,134.85,1),(291,25.00,46.00,7),(301,10.00,40.40,1),(303,33.00,41.75,3),(364,20.00,42.40,4),(376,22.00,58.90,1),(378,200.00,215.50,2),(394,10.00,10.00,1),(395,100.00,118.50,1),(396,300.00,388.51,3),(399,100.00,158.30,5),(400,100.00,112.00,3),(404,100.00,240.14,4),(406,50.00,72.16,7),(416,50.00,142.62,1),(422,300.00,390.06,3),(435,100.00,5024.03,1),(437,50.00,2076.60,2),(439,100.00,NULL,1),(443,100.00,103.00,2),(448,100.00,115.78,2),(450,100.00,NULL,2);
/*!40000 ALTER TABLE `sessoes_caixas` ENABLE KEYS */;
UNLOCK TABLES;

--
-- Table structure for table `telefones_fornecedores`
--

DROP TABLE IF EXISTS `telefones_fornecedores`;
/*!40101 SET @saved_cs_client     = @@character_set_client */;
/*!40101 SET character_set_client = utf8 */;
CREATE TABLE `telefones_fornecedores` (
  `ID_Fornecedor` int(11) NOT NULL,
  `Telefone` char(14) NOT NULL,
  PRIMARY KEY (`ID_Fornecedor`,`Telefone`),
  CONSTRAINT `telefones_fornecedores_ibfk_1` FOREIGN KEY (`ID_Fornecedor`) REFERENCES `fornecedores` (`ID_Fornecedor`)
) ENGINE=InnoDB DEFAULT CHARSET=utf8;
/*!40101 SET character_set_client = @saved_cs_client */;

--
-- Dumping data for table `telefones_fornecedores`
--

LOCK TABLES `telefones_fornecedores` WRITE;
/*!40000 ALTER TABLE `telefones_fornecedores` DISABLE KEYS */;
INSERT INTO `telefones_fornecedores` VALUES (2,'(22) 2222-2222'),(3,'(11) 1212-3123'),(3,'(11) 3333-3333'),(3,'(11) 4444-4444'),(4,'(11) 4755-7885');
/*!40000 ALTER TABLE `telefones_fornecedores` ENABLE KEYS */;
UNLOCK TABLES;

--
-- Table structure for table `unidades`
--

DROP TABLE IF EXISTS `unidades`;
/*!40101 SET @saved_cs_client     = @@character_set_client */;
/*!40101 SET character_set_client = utf8 */;
CREATE TABLE `unidades` (
  `ID_Unidade` int(11) NOT NULL AUTO_INCREMENT,
  `Descricao` varchar(50) NOT NULL,
  PRIMARY KEY (`ID_Unidade`)
) ENGINE=InnoDB AUTO_INCREMENT=3 DEFAULT CHARSET=utf8;
/*!40101 SET character_set_client = @saved_cs_client */;

--
-- Dumping data for table `unidades`
--

LOCK TABLES `unidades` WRITE;
/*!40000 ALTER TABLE `unidades` DISABLE KEYS */;
INSERT INTO `unidades` VALUES (1,'Unidade São Paulo'),(2,'Unidade São Caetano');
/*!40000 ALTER TABLE `unidades` ENABLE KEYS */;
UNLOCK TABLES;

--
-- Table structure for table `usuarios`
--

DROP TABLE IF EXISTS `usuarios`;
/*!40101 SET @saved_cs_client     = @@character_set_client */;
/*!40101 SET character_set_client = utf8 */;
CREATE TABLE `usuarios` (
  `ID_Usuario` int(11) NOT NULL AUTO_INCREMENT,
  `Nome` varchar(80) NOT NULL,
  `Login` varchar(10) NOT NULL,
  `Senha` varchar(10) NOT NULL,
  `ID_Unidade` int(11) DEFAULT NULL,
  `ID_Funcao` int(11) NOT NULL,
  `Ativo` tinyint(4) DEFAULT '1',
  PRIMARY KEY (`ID_Usuario`),
  KEY `ID_Unidade` (`ID_Unidade`),
  KEY `ID_Funcao` (`ID_Funcao`),
  CONSTRAINT `usuarios_ibfk_1` FOREIGN KEY (`ID_Unidade`) REFERENCES `unidades` (`ID_Unidade`),
  CONSTRAINT `usuarios_ibfk_2` FOREIGN KEY (`ID_Funcao`) REFERENCES `funcoes_usuarios` (`ID_Funcao`)
) ENGINE=InnoDB AUTO_INCREMENT=17 DEFAULT CHARSET=utf8;
/*!40101 SET character_set_client = @saved_cs_client */;

--
-- Dumping data for table `usuarios`
--

LOCK TABLES `usuarios` WRITE;
/*!40000 ALTER TABLE `usuarios` DISABLE KEYS */;
INSERT INTO `usuarios` VALUES (1,'Augusto Novaes','1','1',1,4,1),(2,'Maurício Ferreira','mafe','senha',2,1,1),(3,'Luis Simão','login','senha',1,1,0),(4,'Luíza Fernandes','4','4',1,1,1),(5,'Marcelo Vieira','marcelo','senha',1,2,1),(10,'Paulo De Souza','2','2',1,1,1),(11,'Alex Vieira','alex','12345',1,4,1),(12,'Maria Dolores','caixa','caixa',1,2,1),(13,'Cristiano Moraes','estoque','estoque',1,3,1),(14,'João Figueiredo','joao','senha',1,1,1),(15,'Sandra Coutinho','sandra','senha',2,2,1),(16,'Nara','nara','nara',1,2,1);
/*!40000 ALTER TABLE `usuarios` ENABLE KEYS */;
UNLOCK TABLES;

--
-- Table structure for table `vendas`
--

DROP TABLE IF EXISTS `vendas`;
/*!40101 SET @saved_cs_client     = @@character_set_client */;
/*!40101 SET character_set_client = utf8 */;
CREATE TABLE `vendas` (
  `ID_Venda` int(11) NOT NULL AUTO_INCREMENT,
  `ID_Sessao` int(11) NOT NULL,
  `Data` datetime NOT NULL,
  `Finalizada` tinyint(1) NOT NULL DEFAULT '0',
  PRIMARY KEY (`ID_Venda`),
  KEY `ID_Sessao` (`ID_Sessao`),
  CONSTRAINT `vendas_ibfk_1` FOREIGN KEY (`ID_Sessao`) REFERENCES `sessoes` (`ID_Sessao`)
) ENGINE=InnoDB AUTO_INCREMENT=267 DEFAULT CHARSET=utf8;
/*!40101 SET character_set_client = @saved_cs_client */;

--
-- Dumping data for table `vendas`
--

LOCK TABLES `vendas` WRITE;
/*!40000 ALTER TABLE `vendas` DISABLE KEYS */;
INSERT INTO `vendas` VALUES (94,103,'2016-02-01 00:00:00',1),(95,103,'2017-02-01 00:00:00',1),(96,103,'2017-03-01 00:00:00',0),(97,105,'2017-05-10 15:31:29',1),(98,105,'2017-05-10 15:41:17',1),(99,105,'2017-05-16 13:59:31',1),(100,106,'2017-05-16 14:05:11',1),(101,107,'2017-05-16 14:29:23',1),(102,109,'2017-05-16 21:32:35',1),(103,111,'2017-05-16 21:48:18',1),(104,110,'2017-05-16 21:59:08',1),(105,129,'2017-05-17 12:26:30',1),(106,130,'2017-05-17 12:28:45',0),(107,131,'2017-05-17 12:32:23',0),(109,131,'2017-05-17 12:39:28',0),(110,132,'2017-05-17 12:44:35',0),(111,132,'2017-05-17 12:48:22',1),(112,132,'2017-05-17 12:48:45',1),(113,133,'2017-05-17 12:51:58',1),(114,134,'2017-05-17 12:55:18',1),(115,134,'2017-05-17 12:59:09',1),(116,135,'2017-05-17 13:14:59',1),(117,136,'2017-05-17 13:18:12',1),(118,137,'2017-05-17 13:19:29',1),(119,138,'2017-05-17 13:24:50',1),(120,138,'2017-05-17 13:28:04',0),(121,138,'2017-05-17 13:34:26',0),(122,138,'2017-05-17 13:35:54',0),(123,139,'2017-05-17 13:46:47',1),(124,141,'2017-05-17 13:51:44',1),(125,142,'2017-05-17 13:55:12',1),(126,143,'2017-05-17 14:04:18',1),(127,163,'2017-05-18 12:30:31',1),(128,164,'2017-05-18 13:01:05',1),(129,164,'2017-05-18 13:02:45',1),(130,166,'2017-05-18 13:19:38',1),(131,167,'2017-05-21 21:22:04',1),(132,168,'2017-05-22 16:07:41',1),(133,170,'2017-05-22 16:29:02',1),(134,171,'2017-05-22 16:32:59',1),(135,177,'2017-05-22 22:39:43',1),(136,178,'2017-05-22 22:51:55',1),(137,181,'2017-05-23 22:01:46',1),(138,185,'2017-05-24 16:45:22',1),(139,186,'2017-05-24 16:47:48',1),(140,192,'2017-05-25 00:22:01',1),(141,192,'2017-05-25 00:22:53',1),(142,195,'2017-05-27 15:13:09',1),(143,196,'2017-05-27 15:53:31',1),(144,197,'2017-05-27 16:02:45',1),(145,206,'2017-05-29 14:59:41',1),(146,206,'2017-05-29 15:00:11',1),(147,206,'2017-05-29 15:00:41',1),(149,208,'2017-05-31 10:20:17',1),(153,209,'2017-05-31 10:33:38',1),(154,210,'2017-05-31 10:40:23',1),(155,211,'2017-05-31 10:52:15',1),(160,216,'2017-05-31 11:40:19',1),(161,217,'2017-05-31 11:43:13',1),(162,220,'2017-06-07 14:28:49',1),(163,220,'2017-06-07 14:29:58',1),(164,220,'2017-06-07 14:30:19',1),(165,220,'2017-06-07 14:31:02',1),(166,220,'2017-06-07 14:31:48',1),(167,222,'2017-06-07 14:48:37',1),(169,223,'2017-06-07 14:52:58',1),(170,224,'2017-06-08 20:12:22',0),(171,224,'2017-06-08 20:12:52',0),(172,224,'2017-06-08 20:13:22',0),(174,226,'2017-06-08 20:46:55',0),(175,226,'2017-06-08 20:47:41',1),(176,227,'2017-06-08 20:50:29',1),(177,228,'2017-06-08 21:03:13',1),(178,231,'2017-06-08 21:10:58',1),(179,231,'2017-06-08 21:11:46',1),(180,231,'2017-06-08 21:12:45',1),(183,232,'2017-06-08 21:31:50',0),(184,267,'2017-06-09 20:32:05',1),(185,267,'2017-06-09 20:32:22',1),(186,267,'2017-06-09 20:33:03',1),(187,273,'2017-06-10 20:37:54',1),(188,273,'2017-06-10 20:39:03',1),(189,273,'2017-06-10 20:39:49',1),(190,276,'2017-06-10 20:43:27',1),(191,276,'2017-06-10 20:44:19',1),(192,276,'2017-06-10 20:44:59',1),(193,276,'2017-06-10 20:46:28',1),(194,277,'2017-06-10 20:54:36',1),(195,277,'2017-06-10 20:55:16',1),(196,277,'2017-06-10 20:55:52',1),(197,280,'2017-06-11 14:39:40',1),(198,280,'2017-06-11 14:40:47',1),(199,280,'2017-06-11 14:41:38',1),(200,280,'2017-06-11 14:42:48',1),(201,290,'2017-06-12 16:20:05',1),(202,290,'2017-06-12 16:20:19',1),(203,291,'2017-06-12 16:23:35',1),(204,301,'2017-06-12 20:04:29',1),(205,303,'2017-06-12 20:10:21',1),(206,364,'2017-06-13 15:13:05',1),(207,376,'2017-06-13 16:02:14',1),(208,376,'2017-06-13 16:03:00',1),(209,378,'2017-06-13 16:10:23',1),(210,395,'2017-06-16 19:42:31',1),(211,396,'2017-06-16 19:53:09',1),(212,396,'2017-06-16 19:54:13',1),(213,399,'2017-06-16 20:01:03',1),(214,400,'2017-06-16 20:02:25',1),(215,404,'2017-06-16 20:08:28',1),(216,404,'2017-06-16 20:09:27',1),(217,404,'2017-06-16 20:11:05',1),(218,406,'2017-06-16 20:12:38',1),(219,416,'2017-06-18 15:13:49',1),(220,416,'2017-06-18 15:14:32',1),(221,422,'2017-06-18 16:09:39',1),(222,422,'2017-06-18 16:12:45',0),(224,422,'2017-06-18 16:27:39',1),(225,437,'2017-06-18 22:06:30',1),(226,435,'2017-06-18 22:07:06',1),(227,437,'2017-06-18 22:08:07',1),(228,437,'2017-06-18 22:08:38',1),(229,437,'2017-06-18 22:09:31',1),(230,435,'2017-06-18 22:10:53',1),(231,435,'2017-06-18 22:12:39',1),(232,437,'2017-06-18 22:13:15',1),(233,435,'2017-06-18 22:13:57',1),(235,435,'2017-06-18 22:16:23',1),(236,435,'2017-06-18 22:17:08',1),(237,437,'2017-06-18 22:18:07',1),(238,435,'2017-06-18 22:20:25',1),(239,435,'2017-06-18 22:21:30',1),(240,435,'2017-06-18 22:21:51',1),(241,435,'2017-06-18 22:22:16',1),(242,437,'2017-06-18 22:23:18',1),(243,437,'2017-06-18 22:24:05',1),(244,437,'2017-06-18 22:24:19',1),(245,437,'2017-06-18 22:24:55',1),(246,435,'2017-06-18 22:25:40',1),(247,437,'2017-06-18 22:26:05',1),(248,437,'2017-06-18 22:26:17',1),(249,437,'2017-06-18 22:26:35',1),(250,435,'2017-06-18 22:27:09',1),(251,435,'2017-06-18 22:27:22',1),(252,435,'2017-06-18 22:27:39',1),(253,435,'2017-06-18 22:27:51',1),(254,435,'2017-06-18 22:28:15',1),(255,435,'2017-06-18 22:28:27',1),(256,435,'2017-06-18 22:28:37',1),(257,435,'2017-06-18 22:29:13',1),(258,435,'2017-06-18 22:29:31',1),(259,435,'2017-06-18 22:29:40',0),(260,435,'2017-06-18 22:31:33',1),(261,439,'2017-06-19 08:37:15',1),(262,439,'2017-06-19 08:38:32',1),(263,443,'2017-06-19 09:17:00',1),(264,448,'2017-06-19 10:06:21',1),(265,450,'2017-06-20 18:38:39',1),(266,450,'2017-06-20 18:40:11',1);
/*!40000 ALTER TABLE `vendas` ENABLE KEYS */;
UNLOCK TABLES;

--
-- Final view structure for view `precos_atuais`
--

/*!50001 DROP VIEW IF EXISTS `precos_atuais`*/;
/*!50001 SET @saved_cs_client          = @@character_set_client */;
/*!50001 SET @saved_cs_results         = @@character_set_results */;
/*!50001 SET @saved_col_connection     = @@collation_connection */;
/*!50001 SET character_set_client      = utf8 */;
/*!50001 SET character_set_results     = utf8 */;
/*!50001 SET collation_connection      = utf8_general_ci */;
/*!50001 CREATE ALGORITHM=UNDEFINED */
/*!50013 DEFINER=`root`@`localhost` SQL SECURITY DEFINER */
/*!50001 VIEW `precos_atuais` AS select `precos_produtos`.`ID_Unidade` AS `ID_Unidade`,`precos_produtos`.`ID_Produto` AS `ID_Produto`,`precos_produtos`.`Valor` AS `Valor`,`precos_produtos`.`Data` AS `Data` from `precos_produtos` where ((to_days(curdate()) - to_days(`precos_produtos`.`Data`)) = (select min((to_days(curdate()) - to_days(`precos_produtos`.`Data`))))) group by (`precos_produtos`.`ID_Unidade` and `precos_produtos`.`ID_Produto`) */;
/*!50001 SET character_set_client      = @saved_cs_client */;
/*!50001 SET character_set_results     = @saved_cs_results */;
/*!50001 SET collation_connection      = @saved_col_connection */;
/*!40103 SET TIME_ZONE=@OLD_TIME_ZONE */;

/*!40101 SET SQL_MODE=@OLD_SQL_MODE */;
/*!40014 SET FOREIGN_KEY_CHECKS=@OLD_FOREIGN_KEY_CHECKS */;
/*!40014 SET UNIQUE_CHECKS=@OLD_UNIQUE_CHECKS */;
/*!40101 SET CHARACTER_SET_CLIENT=@OLD_CHARACTER_SET_CLIENT */;
/*!40101 SET CHARACTER_SET_RESULTS=@OLD_CHARACTER_SET_RESULTS */;
/*!40101 SET COLLATION_CONNECTION=@OLD_COLLATION_CONNECTION */;
/*!40111 SET SQL_NOTES=@OLD_SQL_NOTES */;

-- Dump completed on 2017-10-10 20:21:51
